1,790,200,90,780.99,204.27,90.81,782.68,212.97,95.44,778.55,209.5,103.86,769.34,211.62,107.14,761.37,217.4,108.87,753.08,222.84,107.57,748.59,230.77,103.44,751.52,236.98,110.71,753.22,243.78,117.83,754.03,252.71,122.27,747.06,258.76,118.43,747.04,267.6,123.1,740.32,274.62,120.76,742.68,281.66,127.45,747.34,290.47,128.31,740.19,297.05,130.65,742.18,303.26,138.24,740.38,312.15,134.01,744.85,316.57,141.79,743.72,321.26,150.54,748.15,327.22,157.24,745.25,335.95,161.17,745.04,343.19,154.28,740.94,350.49,159.75,747.01,354.26,166.75,744.74,363.65,169.33,750.45,371.7,167.73,745.46,378.34,173.3,736.07,381.69,172.52,728.57,386.67,176.88,724.59,395.37,173.98,715.85,396.97,178.58,706.39,394.29,180.42,697.4,398.01,182.73,688.32,394.46,184.95,678.68,391.85,184.49,670.17,395.43,180.66,660.68,397.22,183.27,651.45,399.29,186.51,642.69,401.08,182.03,633.25,401.59,178.77,623.56,399.57,180.22,613.83,398.19,178.39,604.37,401.26,179.48,595.41,396.99,180.7,587.7,391.9,176.88,578.14,393.56,174.46,569.36,395.66,170.16,560.31,391.41,170.38,552.21,395.54,174.54,545.01,388.89,176.57,535.09,388.18,177.63,525.96,391.93,179.25,518.86,398.57,176.91,509.73,402.64,177.23,502.12,397.25,173.63,492.71,396.41,176.93,482.85,397.03,175.41,473.6,393.57,177.0,464.13,390.37,176.99,455.34,386.4,179.63,446.37,390.77,179.03,439.21,396.14,174.56,431.97,402.38,177.49,428.47,409.65,183.4,428.63,415.67,191.38,419.39,414.09,194.87,230,372,180
2,790,200,99,780.59,203.27,98.19,770.59,202.97,98.24,766.89,212.09,96.49,760.26,219.4,94.87,751.39,223.33,97.28,744.42,230.44,96.35,743.49,238.19,102.6,748.25,243.47,109.64,742.78,251.59,107.62,747.39,260.32,109.24,743.09,267.65,114.52,741.18,276.34,119.07,745.53,282.24,125.88,743.52,292.04,125.83,742.51,299.94,131.87,744.74,308.34,126.94,746.79,313.8,118.81,748.26,323.43,116.56,744.17,332.03,113.5,749.32,339.65,117.43,752.93,346.34,123.93,745.76,351.86,128.19,740.09,359.7,125.67,746.34,367.39,127.03,747.41,377.11,129.15,740.38,382.02,134.3,730.76,384.75,134.09,725.08,389.81,140.58,715.85,393.1,138.6,706.37,391.53,141.36,696.61,393.69,141.17,687.49,389.58,141.05,677.74,387.54,141.86,674.71,395.7,146.79,665.52,394.06,150.37,655.7,394.26,152.26,646.1,395.11,154.92,636.31,393.91,153.26,628.17,388.26,154.59,620.15,394.2,153.87,617.7,401.64,147.67,611.93,408.26,152.46,602.46,409.37,155.48,596.36,416.06,159.73,586.52,416.33,157.96,577.41,413.29,155.18,569.27,407.57,156.13,561.24,413.09,158.38,551.67,413.46,155.52,546.47,421.97,156.29,537.01,425.02,155.19,529.32,420.98,160.14,521.37,415.45,162.63,512.62,419.6,165.12,508.08,427.72,161.45,501.11,431.75,167.39,491.88,431.9,163.56,483.06,435.09,167.04,475.48,430.08,171.2,465.97,433.19,170.97,230,372,180
3,790,200,108,786.09,208.86,105.5,776.13,208.06,105.92,768.91,214.61,108.15,762.04,220.83,111.89,753.95,226.68,111.22,748.75,234.05,106.91,743.29,242.43,106.69,743.13,251.1,111.67,748.66,259.21,113.61,744.96,268.22,111.35,741.57,277.11,114.43,742.87,287.02,114.62,746.17,296.14,117.07,747.36,305.79,114.74,752.21,314.27,112.64,747.54,321.78,107.96,745.62,330.28,112.86,747.85,338.66,107.88,740.57,344.71,111.1,740.68,348.27,120.44,743.46,356.07,126.06,746.78,363.82,131.43,753.22,361.62,138.76,754.91,364.19,148.27,763.7,360.66,151.47,764.82,359.23,161.3,769.36,362.26,169.68,764.16,369.42,174.35,765.34,375.68,182.06,770.87,379.9,189.24,763.97,384.85,194.52,769.81,390.77,200.07,768.77,398.97,205.7,760.88,404.98,207.0,751.22,405.53,209.56,741.71,408.31,210.88,733.07,411.95,214.37,723.43,414.59,214.69,714.79,418.94,212.19,705.4,422.35,211.75,695.53,423.11,213.22,687.23,426.69,208.95,678.43,431.44,209.17,669.63,426.81,210.23,659.74,427.68,209.04,650.59,423.93,210.55,646.75,428.7,202.64,637.57,429.3,198.73,628.03,429.11,201.73,620.87,433.54,196.33,614.15,438.27,190.63,607.03,443.64,195.15,598.3,442.54,199.89,589.0,438.87,200.05,579.21,436.92,199.49,572.36,430.38,196.28,230,372,180
4,790,200,162,791.87,209.8,162.75,791.89,217.66,168.93,782.75,221.07,166.78,783.83,228.67,173.19,774.76,232.38,175.19,765.68,236.53,174.54,761.55,245.04,171.3,762.33,248.77,180.54,756.86,256.99,178.93,753.8,266.46,177.9,759.73,271.05,184.52,761.07,280.04,188.69,758.97,288.23,194.04,765.48,295.7,195.37,764.12,305.36,193.14,769.78,311.74,198.36,761.73,316.68,201.63,762.06,324.0,194.82,756.18,329.94,200.31,751.75,338.3,203.57,746.76,342.82,196.18,752.3,348.29,189.91,760.73,352.61,193.12,764.53,361.85,193.55,762.27,371.43,191.75,770.92,375.52,188.84,766.29,380.86,181.77,763.99,387.65,174.8,761.31,391.03,165.77,762.59,400.94,165.94,756.13,405.97,171.7,747.95,408.22,166.41,738.48,409.46,169.36,729.03,410.01,172.58,720.39,414.99,171.91,712.93,418.88,177.31,703.79,415.9,174.57,696.55,420.83,179.4,689.9,428.3,179.6,680.07,429.49,180.94,672.15,434.95,178.19,664.46,440.41,174.85,654.69,442.54,175.14,230,372,180
5,790,200,171,781.35,204.62,172.95,773.14,209.17,176.4,765.61,215.12,179.22,758.42,221.89,180.78,758.99,231.13,184.55,761.91,239.87,180.66,753.92,245.85,180.01,757.05,255.18,181.77,757.4,263.3,175.95,760.45,272.12,172.36,767.24,277.71,177.12,763.46,286.08,181.07,755.46,292.05,180.4,754.85,299.28,187.28,745.66,302.1,184.53,746.54,310.53,179.22,740.27,317.26,183.15,741.35,326.54,186.71,742.95,334.61,181.01,748.44,342.05,184.82,743.09,350.05,187.54,746.06,354.08,196.2,744.57,360.25,203.92,743.78,368.68,209.25,745.84,378.05,206.44,739.33,385.61,205.79,731.55,391.02,202.59,721.69,390.92,200.95,712.39,388.01,203.2,704.51,393.96,204.8,694.62,392.65,205.42,690.67,401.56,207.65,686.32,409.76,211.37,676.81,411.21,208.64,667.6,414.14,211.22,657.72,415.12,210.01,648.3,415.06,213.37,642.88,423.16,215.62,634.32,428.16,216.9,624.94,429.37,220.14,618.73,436.57,223.23,608.91,435.42,224.73,599.31,437.1,226.97,590.61,438.77,231.61,580.8,440.55,230.8,571.76,443.83,233.53,565.73,448.42,227.01,564.88,456.31,220.92,558.38,461.68,226.31,550.22,465.82,230.33,541.42,470.48,229.33,540.74,474.3,220.11,536.34,471.73,211.51,526.87,468.66,210.65,517.9,469.14,215.06,513.61,475.74,208.9,230,372,180
6,790,200,180,791.26,208.95,175.72,786.02,217.39,174.6,791.2,221.31,167.0,789.51,231.1,165.84,792.4,239.9,162.07,788.21,247.4,156.96,791.6,256.81,156.75,786.29,265.01,158.89,783.12,270.67,166.5,780.26,280.17,165.23,771.41,282.5,169.25,762.32,285.06,172.54,761.2,294.98,173.11,763.51,303.12,178.44,768.9,311.52,179.07,774.02,317.47,185.26,776.09,326.2,189.68,774.49,336.04,188.89,769.66,343.29,193.8,775.33,350.49,189.79,777.72,355.9,197.85,780.36,365.33,195.79,783.05,372.93,189.89,775.44,377.72,185.52,767.03,380.84,189.94,757.89,384.59,188.4,753.15,391.92,183.52,750.13,391.86,173.99,740.98,394.8,176.76,734.26,401.77,179.26,725.12,404.79,181.98,715.84,408.18,180.48,709.04,415.43,179.35,700.11,416.09,174.9,693.71,419.72,168.13,683.73,420.28,168.17,679.76,429.11,170.66,669.9,430.09,172.01,661.56,424.71,170.74,652.28,427.39,173.32,230,372,180
7,790,200,189,783.12,206.86,186.62,789.15,214.38,183.95,793.87,222.56,187.23,794.2,231.71,183.21,795.32,241.6,182.22,798.22,251.17,182.16,795.93,257.52,174.78,794.47,266.88,171.57,787.04,273.08,169.04,789.65,282.27,166.12,782.75,287.8,161.44,781.67,297.13,164.88,773.74,303.18,165.63,769.54,311.51,169.22,773.44,320.72,169.49,769.46,325.82,177.11,765.8,334.86,179.33,756.34,335.57,176.18,747.32,338.66,179.22,748.02,346.29,185.64,747.13,356.14,184.15,741.78,363.61,188.08,746.77,369.61,194.34,743.91,378.74,197.24,739.08,385.36,191.5,731.23,390.61,194.77,721.46,389.0,196.17,712.17,389.34,199.86,702.6,392.17,199.15,694.43,397.76,200.54,685.05,400.82,202.2,678.99,404.79,209.1,669.05,404.02,208.41,662.15,406.61,215.18,653.06,410.54,213.8,643.93,413.63,216.48,634.74,415.12,220.13,626.48,417.05,225.43,617.14,420.52,224.67,608.13,418.81,228.67,598.96,419.6,232.57,591.35,417.63,238.75,590.64,424.38,246.09,588.05,433.49,249.3,579.85,437.59,245.31,570.84,434.8,248.63,561.26,431.94,248.19,551.77,433.52,245.47,544.09,428.49,241.5,534.78,431.18,244.0,525.53,434.92,244.65,522.42,443.53,248.69,513.53,447.06,251.57,506.48,454.13,252.15,498.56,457.71,247.19,488.94,455.27,246.0,482.82,456.26,238.15,473.31,453.29,238.93,465.49,447.21,237.58,457.2,452.67,236.35,230,372,180
8,790,200,198,782.91,206.89,199.48,773.88,210.98,198.13,766.22,216.88,200.66,758.23,221.93,197.39,754.73,231.29,197.75,761.41,238.33,200.16,763.96,245.05,207.12,758.49,253.26,205.46,756.29,262.05,201.24,756.26,271.9,202.97,747.55,276.81,203.25,744.11,285.07,207.7,749.26,293.08,204.64,748.81,302.76,207.1,754.94,310.3,209.47,762.73,313.97,214.56,758.64,320.12,221.31,764.56,321.28,229.28,766.29,316.5,237.89,761.94,323.74,243.25,768.38,331.36,243.94,764.18,339.64,247.65,767.63,349.02,247.3,764.4,356.8,252.69,755.47,360.01,255.83,753.06,369.57,254.19,749.16,378.74,253.3,739.75,381.85,254.66,730.32,385.06,255.5,720.42,383.72,256.03,711.08,387.27,255.91,701.64,384.48,254.14,693.45,385.15,248.44,686.47,390.5,243.68,677.72,387.21,240.16,669.64,388.66,245.86,659.8,389.21,244.17,650.08,389.59,246.52,643.54,395.49,241.8,634.29,392.03,240.22,626.14,388.56,235.58,618.44,393.77,239.25,608.68,394.91,241.1,599.99,397.09,245.55,592.46,401.27,240.48,587.77,406.17,247.83,578.38,404.9,244.62,569.39,408.54,247.06,560.32,412.19,249.14,551.55,416.44,251.37,542.7,411.9,250.37,532.82,413.13,249.41,523.16,415.15,251.05,520.28,417.74,260.26,510.67,417.5,263.03,503.42,412.0,258.89,494.61,410.71,263.43,486.6,414.69,258.96,478.51,418.99,254.95,471.33,424.86,251.2,464.35,430.5,255.6,456.38,427.73,250.22,448.08,431.25,245.9,438.57,432.55,243.1,429.39,436.31,244.32,420.97,440.26,248.0,415.4,439.38,239.75,406.92,434.44,241.66,397.89,432.59,245.54,230,372,180
9,790,200,252,794.1,208.0,256.39,798.53,213.02,248.97,800.92,222.27,245.99,802.51,229.16,238.92,801.75,236.59,232.27,803.13,245.12,227.25,800.48,253.89,223.24,796.83,261.09,217.34,788.0,263.82,213.53,782.24,271.81,211.8,781.95,278.9,204.76,773.22,283.74,204.08,772.09,284.16,194.15,764.78,289.47,189.87,757.4,295.54,192.82,748.37,299.14,190.45,741.37,306.13,189.0,742.32,315.29,185.1,746.29,324.46,184.75,744.06,333.97,182.61,746.86,343.27,180.24,748.25,352.95,182.31,747.33,362.9,182.67,754.28,367.93,177.54,755.08,376.88,173.15,757.53,382.88,165.53,763.11,390.11,161.45,759.28,393.55,152.88,750.1,396.69,150.44,740.26,396.51,148.66,732.83,402.81,146.41,723.22,401.56,143.95,713.68,402.6,146.76,706.2,404.75,153.04,698.85,406.9,159.47,689.34,404.04,158.31,679.84,401.0,159.03,670.34,400.43,155.95,660.55,399.36,157.68,658.61,408.13,162.09,654.13,412.94,154.56,644.5,413.45,157.2,635.24,416.55,155.06,625.57,414.03,155.37,618.3,419.88,151.77,608.7,422.32,150.41,599.69,426.5,149.24,599.48,429.95,158.62,590.51,433.14,161.69,581.75,431.02,166.01,573.45,425.88,163.85,563.88,427.11,161.21,554.47,429.68,159.03,544.76,427.35,158.53,535.04,426.08,156.54,529.47,434.33,155.49,520.43,436.99,158.81,511.92,441.42,155.99,502.78,441.17,160.05,230,372,180
10,820,200,90,810.84,204.01,89.7,802.1,208.72,88.55,792.75,209.99,91.86,786.72,217.96,91.9,784.06,221.08,101.03,785.44,230.83,102.75,780.69,238.25,107.49,773.4,244.83,105.59,765.47,250.16,108.53,756.92,254.39,111.52,747.1,254.84,113.4,745.98,264.27,110.27,746.78,272.4,116.02,753.33,278.49,111.54,756.19,283.55,119.68,756.56,292.95,116.3,764.06,298.87,119.25,765.17,306.23,112.57,757.86,312.47,115.31,748.55,314.71,118.2,742.49,320.5,123.65,741.87,330.44,124.51,745.14,337.54,118.27,748.14,346.36,114.63,746.51,355.92,117.06,746.75,365.34,120.41,743.1,374.02,123.79,741.62,383.65,126.04,741.32,387.42,135.3,742.94,397.28,135.01,735.11,403.14,137.08,725.82,401.77,140.53,716.36,404.12,142.73,707.14,405.16,146.48,698.29,401.36,149.14,688.6,402.97,147.26,683.71,409.09,153.47,674.67,404.86,152.91,665.35,405.69,156.45,657.57,405.47,162.73,652.53,410.95,169.41,643.68,406.31,169.09,634.19,406.75,165.97,628.5,414.97,165.93,618.69,413.05,165.87,609.05,410.39,165.7,599.14,409.16,166.19,589.15,409.13,165.76,580.24,408.73,170.29,571.01,405.36,172.14,562.19,409.52,174.35,553.53,404.75,175.86,546.59,409.06,170.1,536.98,411.79,169.68,529.07,413.75,163.89,528.24,422.97,160.12,519.01,426.61,158.84,513.36,434.46,156.29,503.69,436.98,156.51,497.11,443.62,152.95,488.33,442.44,157.58,480.96,436.18,155.02,472.24,439.24,151.22,463.06,441.32,154.62,457.17,433.56,156.84,448.52,437.57,153.82,439.36,437.74,149.81,430.21,440.11,146.55,421.54,435.69,144.25,230,372,180
11,820,200,99,819.08,197.62,108.67,813.65,203.04,115.09,808.31,210.1,119.75,806.74,219.65,122.26,797.18,222.38,121.13,788.16,226.67,121.53,788.18,236.51,123.33,783.77,245.46,123.94,781.75,255.26,123.91,784.58,264.33,127.01,780.96,273.46,125.1,782.52,283.26,123.91,774.0,288.22,125.63,765.71,292.43,121.94,756.8,295.81,124.97,748.94,301.4,127.61,740.03,305.85,128.5,740.59,315.78,127.45,746.4,323.75,129.11,751.07,330.09,135.27,752.93,338.12,140.94,750.97,346.45,135.76,741.94,350.64,134.86,740.31,360.41,136.23,740.74,367.34,143.43,741.34,371.86,152.32,746.7,366.93,159.18,751.21,373.09,165.64,746.3,379.91,171.06,737.31,380.88,175.32,727.32,380.76,174.92,717.35,381.18,175.57,709.3,382.98,169.9,699.36,383.99,169.7,691.82,386.36,175.84,683.38,388.46,180.77,673.59,386.53,180.19,664.6,390.39,182.27,657.53,395.49,177.38,647.61,395.42,178.65,639.62,390.5,175.17,632.0,391.82,168.83,622.5,388.74,169.24,613.34,391.79,166.64,603.92,392.09,163.27,594.57,395.58,163.83,585.02,395.65,160.86,575.3,397.4,162.4,574.65,404.73,169.17,566.35,409.67,171.76,557.62,405.51,169.18,552.72,414.13,170.53,545.19,419.86,167.32,535.47,419.26,165.06,525.53,418.21,165.53,515.99,415.84,167.37,507.35,411.97,164.18,497.85,411.76,167.3,490.56,417.34,171.26,481.2,416.89,174.78,481.3,421.18,183.81,474.72,422.85,191.15,464.94,424.44,192.49,230,372,180
12,820,200,108,812.83,204.7,113.14,809.75,210.71,120.53,800.42,211.32,124.06,791.71,216.1,122.94,790.4,225.94,121.72,788.06,234.21,116.61,779.15,238.75,116.7,770.48,243.73,116.5,761.5,247.84,118.03,761.39,257.32,114.85,763.05,266.02,119.5,754.76,271.55,118.71,757.74,278.1,111.76,757.83,286.34,117.42,761.02,293.78,123.3,761.0,301.14,130.06,767.83,307.16,134.2,765.95,316.56,131.36,772.72,323.21,128.2,769.18,331.94,124.84,761.72,337.93,127.76,752.66,341.87,126.18,743.25,345.11,127.12,740.85,352.25,133.7,744.76,359.71,139.09,741.02,368.02,143.19,742.86,375.35,136.64,737.19,383.59,136.7,728.02,384.89,132.93,718.63,385.84,136.24,709.32,388.65,138.61,701.72,395.0,139.92,701.15,403.02,145.87,691.48,402.04,148.21,685.22,407.27,154.0,680.81,413.05,147.14,675.04,419.93,142.73,665.43,422.07,144.5,656.45,424.91,147.85,647.23,423.98,151.61,643.81,430.05,158.78,642.45,436.87,165.96,635.22,439.06,172.52,626.3,441.44,168.68,617.46,437.03,167.14,609.5,432.38,171.01,600.3,430.63,167.5,591.54,435.37,168.41,582.17,435.49,171.9,572.79,438.87,171.16,565.46,432.41,173.31,230,372,180
13,820,200,162,811.91,205.82,162.82,813.45,215.2,159.7,811.52,224.57,156.79,810.82,234.54,156.34,807.73,243.17,160.34,799.35,248.34,158.59,792.26,255.29,159.77,792.92,265.11,158.0,795.71,273.96,161.72,789.05,281.42,161.92,790.68,291.27,162.36,793.09,300.42,165.61,788.78,308.1,170.34,792.59,316.16,165.82,784.37,321.84,165.34,786.38,326.21,174.11,785.69,335.2,178.43,783.02,337.86,187.7,784.02,347.02,191.58,789.0,355.05,194.86,788.68,352.12,204.42,781.25,347.33,209.08,772.69,349.67,213.7,773.11,358.32,218.68,763.93,359.66,222.43,755.05,364.11,223.6,746.96,369.94,224.3,746.64,377.92,230.31,737.93,382.82,229.76,728.44,383.7,226.75,718.49,383.42,227.72,709.78,387.18,224.54,700.97,390.59,227.82,691.09,391.41,229.11,681.82,395.14,229.54,674.28,394.71,222.99,664.9,398.14,222.54,655.57,394.56,222.87,646.77,399.2,221.82,637.39,401.94,223.93,632.73,409.88,227.84,623.13,411.55,225.59,613.34,412.58,227.38,604.95,417.37,229.95,595.21,418.11,232.07,585.97,421.72,233.33,587.76,430.82,229.6,580.34,437.45,230.61,572.77,443.77,232.27,564.63,443.38,226.47,561.7,448.32,218.28,553.59,444.06,214.28,544.77,446.83,210.47,230,372,180
14,820,200,171,818.66,205.9,178.96,811.98,212.68,182.03,807.78,219.35,188.19,797.87,220.55,187.71,788.1,222.01,186.16,783.74,230.4,182.9,778.17,238.01,179.57,777.25,246.88,175.04,772.82,254.27,180.12,765.76,261.34,180.57,756.7,265.58,180.41,748.0,270.49,180.54,749.86,278.86,185.69,743.32,286.32,186.87,747.15,295.52,187.68,754.75,301.2,190.84,762.92,306.74,189.25,770.87,311.43,185.38,774.19,320.8,184.34,775.15,330.37,181.61,774.78,340.21,183.37,776.42,349.88,185.35,769.38,356.8,186.95,771.29,366.61,186.7,773.21,375.49,182.52,773.1,382.52,189.63,766.59,389.67,187.05,758.06,391.9,182.35,749.0,396.13,182.04,739.82,400.1,181.75,740.3,402.46,172.05,730.74,405.37,171.85,720.97,405.52,173.98,712.06,410.03,174.52,710.48,418.31,169.14,700.74,420.01,170.63,691.73,423.53,173.13,683.74,427.15,168.31,673.75,426.97,168.69,664.85,425.04,172.81,655.43,424.63,176.14,645.64,422.91,177.25,637.12,423.84,172.09,628.29,419.25,171.14,618.86,416.16,169.91,613.62,423.24,174.64,605.82,418.4,178.6,596.07,420.54,177.92,586.36,421.26,175.66,577.35,418.58,172.25,572.6,427.32,171.25,562.71,428.77,170.86,559.89,437.27,175.31,550.39,439.62,177.37,541.06,443.19,176.96,532.21,439.44,179.72,522.56,441.99,180.35,514.29,439.54,175.3,508.36,431.48,175.32,498.82,430.94,178.26,490.47,426.92,174.5,481.99,431.32,171.54,475.52,434.87,178.29,230,372,180
15,820,200,180,810.49,202.28,177.92,804.69,209.74,181.18,797.16,216.12,182.81,789.19,221.87,184.65,781.28,227.48,182.2,773.46,232.55,178.57,763.57,233.92,177.98,753.92,235.99,179.54,746.62,242.61,177.81,741.13,248.69,183.55,744.12,252.79,192.16,745.53,261.71,187.87,740.26,269.85,185.44,747.57,276.67,185.13,751.41,280.63,176.79,754.26,290.22,176.8,752.4,299.52,179.97,746.41,305.51,185.29,740.14,313.26,184.57,746.9,319.76,188.04,741.65,326.22,193.59,742.07,334.62,188.19,740.82,343.57,192.46,745.73,349.46,198.89,751.22,355.95,204.15,754.27,363.47,198.31,760.01,371.55,196.96,756.54,377.99,203.78,747.23,381.57,204.44,746.63,385.81,195.4,736.85,387.42,196.72,726.89,386.83,197.46,717.06,387.59,195.81,707.41,387.91,198.41,697.49,387.8,199.72,688.3,390.3,202.75,678.96,392.03,205.88,670.5,396.48,208.82,663.66,402.37,213.12,654.2,405.38,214.32,645.53,407.03,219.02,636.06,409.22,221.38,630.91,417.02,224.92,622.0,421.5,224.15,613.29,416.97,226.05,605.72,423.48,226.74,605.79,432.73,230.53,596.76,435.07,226.91,589.99,441.16,231.03,580.49,442.52,233.83,571.53,439.02,231.11,565.38,442.49,224.02,556.01,444.52,221.17,547.37,443.02,216.36,537.69,445.33,217.34,528.32,448.39,215.66,518.43,449.27,214.53,508.62,451.23,214.45,230,372,180
16,820,200,189,820.25,209.52,192.05,812.14,214.86,189.68,809.8,223.64,185.49,807.25,232.9,188.25,798.85,237.72,185.76,799.45,247.14,182.45,790.78,251.81,184.18,783.11,257.16,180.64,774.48,261.92,182.36,771.36,271.3,180.86,766.52,279.22,184.58,760.64,287.21,183.32,757.77,296.56,181.24,767.03,300.33,181.12,772.04,308.55,183.83,774.14,315.93,177.41,772.11,325.43,175.05,769.88,334.67,171.95,763.52,341.51,175.53,757.4,349.41,175.13,750.67,355.52,179.3,752.64,365.3,179.98,747.8,372.68,175.29,753.35,375.5,167.47,748.53,383.46,163.81,745.64,385.58,154.48,739.13,388.33,147.41,731.98,394.69,144.51,722.0,395.31,144.64,713.4,400.1,142.86,710.11,409.54,142.8,700.84,411.91,145.72,691.2,414.21,147.06,682.69,409.55,144.65,673.15,409.92,147.61,669.25,408.58,156.72,660.56,405.5,160.59,651.56,407.81,156.87,641.93,410.49,156.72,633.37,405.91,154.32,624.06,409.19,152.72,614.52,411.14,150.45,606.5,406.63,154.36,597.0,404.91,156.96,587.36,406.83,155.11,579.35,412.01,158.09,578.54,414.96,167.61,569.63,419.46,168.32,560.84,414.71,168.11,551.8,414.32,163.84,546.85,420.19,157.43,540.42,427.7,158.96,531.21,431.2,160.65,525.06,436.95,155.25,521.17,441.19,147.07,511.76,444.45,147.95,502.22,443.85,150.91,492.5,443.4,148.62,485.16,439.6,154.25,478.42,440.06,161.62,472.66,433.26,166.15,230,372,180
17,820,200,198,817.89,203.82,189.0,814.69,211.32,183.21,806.78,217.39,183.93,797.6,220.1,186.85,795.28,226.72,179.73,789.49,234.73,181.24,785.26,242.54,185.84,785.29,252.51,186.63,779.9,259.64,182.16,771.37,264.66,180.72,763.92,270.6,177.7,755.92,275.98,175.03,758.42,283.88,180.62,757.9,293.76,179.17,757.49,298.82,187.79,751.94,306.07,191.87,756.31,312.15,198.49,757.76,321.99,199.57,763.1,327.4,193.08,759.7,336.76,192.12,753.29,343.15,196.37,746.08,346.3,190.2,746.79,356.2,189.0,740.34,362.11,193.83,746.61,368.67,198.03,744.31,375.88,191.5,740.28,384.06,195.61,733.13,389.93,199.41,730.66,398.99,202.85,721.05,397.16,200.74,711.83,400.56,198.9,709.35,401.19,208.57,699.7,401.38,211.18,690.15,400.25,213.91,681.58,403.64,210.03,671.89,402.78,212.36,662.2,405.25,212.16,652.91,408.8,213.21,645.99,414.4,217.75,636.73,417.89,219.23,629.12,424.08,221.16,620.04,428.23,221.74,610.94,432.26,222.69,603.25,437.17,226.78,601.09,445.58,221.82,598.33,450.83,213.77,590.39,455.87,210.38,583.15,455.51,203.49,586.29,459.9,195.07,579.59,461.09,187.75,570.65,465.11,185.75,564.82,471.67,190.54,559.74,474.37,182.35,551.25,476.74,177.64,542.47,471.97,177.95,544.52,467.68,169.15,542.65,467.25,159.34,541.66,475.79,154.23,538.18,480.95,146.4,528.74,484.19,146.88,520.2,480.43,143.27,510.65,478.89,140.75,502.62,474.49,136.73,493.48,471.34,134.18,487.7,474.84,141.56,477.85,474.22,139.96,468.56,472.37,136.74,458.77,472.93,138.7,450.96,472.4,132.48,446.17,470.22,123.97,436.65,471.13,121.06,427.44,472.3,117.35,423.23,470.86,108.4,420.63,478.34,102.3,413.05,475.95,96.22,404.76,471.0,93.65,395.58,467.03,93.34,386.13,468.32,90.34,380.26,460.25,89.58,375.67,451.47,90.91,369.64,444.75,86.62,362.89,437.46,85.49,356.08,430.14,85.39,346.08,429.78,85.28,230,372,180
18,820,200,252,822.05,209.24,248.77,816.17,217.21,247.42,806.27,218.45,246.75,802.2,227.41,245.01,803.67,236.28,249.39,794.93,238.21,253.85,796.52,245.41,260.6,788.82,251.71,261.64,781.83,257.81,257.91,773.59,263.46,257.48,773.36,273.45,257.89,775.73,283.14,258.59,779.82,291.89,261.18,770.91,296.44,261.19,763.41,302.68,263.36,756.21,309.54,264.39,757.19,319.47,265.14,759.31,328.69,268.37,750.19,332.71,269.2,750.8,342.61,267.92,744.82,349.99,271.05,746.42,359.8,269.93,754.79,364.79,272.17,763.69,367.65,268.61,763.19,377.54,267.2,761.57,387.41,267.08,761.01,397.25,265.44,759.32,401.47,256.54,758.94,406.41,247.85,760.41,409.52,238.46,753.86,411.35,231.13,744.52,414.51,229.46,736.68,416.44,223.55,726.91,418.21,224.71,717.67,418.49,228.53,709.24,420.55,223.56,700.65,415.99,221.26,691.06,413.32,222.23,681.91,409.59,220.66,672.52,413.02,220.82,662.75,415.1,221.26,652.76,414.97,220.83,642.89,414.05,219.56,633.32,416.08,221.67,624.47,419.81,224.45,614.55,419.63,225.72,613.35,429.55,225.91,606.84,431.9,233.13,597.15,430.05,234.79,588.64,425.19,236.76,580.05,420.41,238.6,572.59,414.32,241.3,563.49,417.56,243.88,558.08,425.97,244.21,549.36,422.02,247.13,539.56,423.41,248.56,532.6,430.48,247.32,524.45,429.04,252.93,516.88,424.68,248.05,507.65,421.94,250.73,502.15,430.1,248.97,493.92,435.69,247.97,484.27,433.5,246.55,477.67,437.65,240.28,469.39,441.95,236.69,460.95,441.2,231.38,455.86,442.47,239.9,450.09,450.63,240.09,441.72,456.05,239.29,435.65,453.54,231.75,426.59,457.58,233.0,418.25,454.11,237.3,412.62,461.03,241.82,403.66,464.85,244.07,230,372,180
19,850,200,90,840.77,199.26,93.78,831.11,201.16,95.53,821.87,204.64,97.09,812.19,207.16,97.06,803.14,210.88,99.13,805.4,211.2,108.86,805.48,209.75,118.76,795.99,209.34,121.91,787.93,214.48,124.82,781.8,222.26,126.2,775.92,229.76,123.15,772.8,238.27,127.37,770.51,247.65,124.79,763.36,253.9,127.92,759.09,262.18,124.3,753.63,270.13,126.96,751.6,278.58,131.91,752.17,288.18,134.65,747.19,296.84,134.97,742.35,305.59,134.94,745.52,314.44,138.37,742.91,323.42,134.84,742.07,331.57,140.57,749.38,332.31,147.36,754.97,330.32,155.41,760.24,338.81,155.51,766.56,346.12,158.08,770.13,354.62,154.21,765.08,360.43,160.6,759.26,368.04,163.45,760.03,377.39,166.93,751.16,381.81,165.57,742.77,382.82,170.92,744.02,392.13,174.35,744.54,394.64,184.02,735.04,397.75,183.84,726.58,401.51,187.62,717.1,399.0,189.58,708.11,402.55,187.03,702.02,404.84,179.43,692.18,406.65,179.48,682.98,404.02,176.56,673.47,405.68,173.96,667.54,408.1,181.64,658.96,403.89,178.7,649.08,403.04,177.39,639.38,400.87,178.49,630.96,396.47,175.36,620.98,397.03,175.48,611.29,396.42,173.07,601.46,395.01,171.94,591.89,397.28,170.13,582.4,394.2,170.74,574.0,389.9,174.07,565.39,385.01,172.7,555.87,386.72,175.23,546.96,383.88,178.78,538.3,387.43,182.29,529.66,390.02,177.97,524.05,395.05,184.54,230,372,180
20,850,200,99,844.09,207.13,102.77,835.32,211.79,101.58,828.08,218.35,99.48,818.08,218.47,99.59,808.83,222.21,100.25,799.59,221.46,104.01,795.22,227.05,111.06,790.08,235.62,110.71,781.28,240.34,111.29,774.74,246.58,115.56,764.84,245.43,114.76,763.06,255.25,115.2,755.38,260.74,118.5,748.23,266.83,121.95,740.75,273.45,121.6,740.14,281.58,127.39,742.53,289.52,132.98,743.73,298.42,137.37,745.3,307.19,141.92,746.54,315.19,147.79,748.0,323.58,153.03,752.49,330.37,158.84,756.55,338.64,162.71,754.73,347.48,167.01,760.08,345.51,175.22,754.45,351.22,181.2,760.09,359.47,181.06,755.7,368.43,180.39,746.58,371.55,183.06,740.55,377.78,178.08,731.7,382.4,178.65,722.56,384.98,175.52,713.75,385.89,170.88,704.01,387.18,172.71,694.88,384.11,175.42,685.08,383.76,177.38,676.01,387.95,177.12,671.58,395.28,171.96,662.78,399.87,170.71,653.36,401.34,173.72,643.71,403.96,173.91,635.75,405.75,179.69,625.85,404.44,180.21,619.01,405.31,187.45,230,372,180
21,850,200,108,840.38,200.74,110.64,831.63,205.34,112.1,822.4,209.13,111.36,816.13,216.81,110.1,806.53,218.93,111.93,805.44,227.85,116.31,802.94,237.09,113.41,793.63,240.51,114.65,792.63,248.98,119.88,782.99,251.49,119.04,777.31,257.57,124.59,770.51,263.85,128.38,775.01,270.78,134.0,768.45,276.51,138.91,768.03,286.49,139.39,765.07,295.35,142.95,764.31,305.32,142.6,766.3,312.47,135.89,768.66,321.37,131.99,773.72,329.97,131.43,780.78,337.02,132.16,786.2,343.94,136.92,793.66,343.54,143.57,794.15,349.03,151.91,789.87,356.19,157.44,786.92,364.76,161.65,779.94,370.95,158.04,775.46,379.64,160.13,777.87,383.08,169.2,768.6,385.13,172.36,759.05,387.48,170.56,749.83,390.8,172.57,742.25,395.83,176.72,732.29,395.58,177.51,722.98,396.55,181.02,713.62,393.16,181.96,705.49,398.1,178.87,699.21,403.55,184.42,690.55,407.45,181.29,681.36,410.62,183.63,671.98,410.81,180.17,663.11,414.41,183.08,653.68,416.82,185.36,644.01,414.32,185.88,637.0,420.68,182.64,628.99,425.79,185.76,620.11,421.26,186.5,611.78,415.93,185.04,603.99,411.19,180.92,594.19,411.1,182.91,230,372,180
22,850,200,162,841.34,204.69,163.75,832.47,209.26,164.32,831.39,209.09,174.26,827.59,215.85,180.56,819.83,222.14,180.01,810.33,225.12,180.94,803.19,230.48,185.45,793.38,232.39,185.84,785.54,238.18,188.07,776.35,242.09,188.6,771.73,250.41,185.52,763.31,255.8,185.64,754.83,261.06,184.92,744.93,260.03,185.8,740.09,268.22,188.89,740.51,278.1,190.36,744.54,287.08,188.59,747.31,295.67,184.27,750.18,304.15,188.73,742.07,309.12,185.63,744.59,318.43,188.25,747.13,327.46,191.71,743.94,334.69,185.58,741.41,344.0,182.93,741.32,351.98,188.94,746.57,357.23,182.24,750.23,366.11,185.03,745.73,374.86,186.78,740.64,383.04,184.08,735.57,391.42,186.06,725.58,391.68,186.0,716.27,393.27,182.71,707.34,396.83,185.49,697.91,395.18,182.6,688.79,398.33,185.22,679.51,401.07,187.75,669.76,402.9,186.48,659.84,403.57,185.39,230,372,180
23,850,200,171,842.0,205.82,172.47,844.16,215.34,170.31,838.79,223.78,170.35,836.45,233.14,167.72,838.72,236.64,158.63,830.2,241.79,157.81,821.77,247.12,157.07,813.16,252.21,157.07,805.0,257.92,156.18,795.28,259.28,158.11,785.36,259.91,159.2,778.05,264.2,164.51,774.33,273.42,165.56,778.21,279.94,172.08,772.1,286.94,175.76,763.01,290.78,177.4,765.93,298.89,182.47,766.76,307.73,177.88,764.3,316.63,174.03,767.15,325.4,177.89,760.57,332.08,181.35,752.14,337.01,183.52,753.11,344.29,190.3,757.06,351.9,185.16,752.15,359.32,180.6,750.11,369.02,181.86,742.91,374.82,185.67,739.71,382.42,191.34,730.26,384.15,188.56,720.35,383.94,189.83,710.84,386.27,191.87,702.29,390.24,195.21,697.38,389.24,203.87,688.43,393.59,204.93,682.02,400.11,208.98,672.6,400.44,212.31,664.01,405.51,213.03,655.3,409.38,216.07,645.82,411.7,218.22,647.21,420.83,222.07,639.66,426.07,226.0,631.11,431.27,226.16,621.73,433.41,223.45,614.69,430.39,229.87,605.15,433.39,229.55,603.2,438.66,237.82,593.69,441.04,239.81,584.89,445.64,241.03,575.02,445.5,242.58,566.31,442.74,238.5,560.87,449.42,233.42,551.41,452.38,234.71,542.88,451.83,229.52,532.92,451.31,230.19,524.06,449.4,225.97,515.56,445.97,221.95,507.16,448.4,217.11,497.85,445.35,215.09,489.51,440.68,218.04,480.38,444.68,217.26,472.87,438.57,219.78,230,372,180
24,850,200,180,851.63,207.78,173.93,842.23,211.07,172.96,833.59,215.99,171.94,826.9,222.98,174.48,827.37,232.04,178.69,828.7,241.93,178.02,826.65,251.71,177.52,824.83,258.99,170.91,823.41,266.74,177.07,823.93,274.05,183.88,826.74,281.68,178.06,826.13,288.99,171.26,825.2,298.9,172.26,829.2,307.92,170.64,831.52,317.46,172.51,828.08,326.65,170.57,831.37,332.91,163.5,827.71,341.6,166.85,820.73,348.32,169.29,819.56,356.41,163.53,818.14,364.13,169.72,817.0,373.35,173.42,818.51,380.87,179.84,814.14,389.83,180.7,806.15,394.84,184.01,797.71,399.24,187.1,793.05,402.35,178.82,785.47,405.66,184.44,776.65,409.14,187.61,775.51,413.97,196.29,766.34,416.46,199.41,757.81,420.76,196.45,747.92,421.52,197.72,738.8,419.4,194.22,729.41,422.58,195.54,719.65,420.55,194.66,710.15,423.51,193.71,702.5,427.32,198.91,693.35,430.23,201.69,683.88,432.9,203.52,674.09,434.87,203.97,671.1,442.49,209.71,664.38,447.57,204.31,665.47,454.0,196.73,656.14,454.77,193.22,648.09,459.61,196.66,638.23,458.9,195.2,230,372,180
25,850,200,189,845.62,208.83,190.66,835.95,211.4,190.74,828.77,217.98,188.49,821.49,224.83,188.71,811.55,225.27,187.69,809.74,234.63,190.73,805.95,243.19,187.23,804.72,252.97,188.95,798.92,259.98,193.1,801.42,265.92,200.74,792.68,270.67,201.75,783.03,273.29,201.45,775.54,279.69,203.15,767.2,284.77,200.97,757.36,283.95,202.54,747.37,284.27,202.58,744.94,292.73,197.83,746.42,300.8,192.11,744.77,310.63,191.29,744.73,318.98,196.79,744.06,325.42,204.41,745.11,335.02,201.81,741.03,342.66,206.82,743.54,350.13,200.66,744.4,359.16,196.45,749.18,366.19,191.18,741.68,372.65,189.78,741.36,378.67,197.76,733.14,384.37,197.6,723.62,387.37,198.27,715.54,392.07,194.73,706.33,395.98,194.82,696.97,398.19,197.56,687.9,400.25,201.23,678.37,400.48,204.24,673.38,407.93,208.66,663.86,408.46,211.67,654.36,411.38,212.73,645.28,414.44,215.61,635.94,413.57,219.06,627.14,417.98,220.81,623.51,423.72,228.15,618.97,430.35,234.11,609.44,430.44,231.1,602.33,434.43,225.3,595.66,441.87,225.68,592.13,445.56,217.08,585.4,447.13,209.85,230,372,180
26,850,200,198,850.54,209.64,195.41,843.85,216.9,193.8,838.51,223.04,199.62,831.61,230.11,201.17,826.39,237.48,205.47,822.04,245.87,202.23,817.66,254.34,205.24,812.62,260.58,199.27,802.93,262.9,200.2,804.25,272.29,203.4,800.66,281.18,206.22,800.02,290.39,210.08,802.2,298.5,204.66,804.14,307.03,209.51,806.58,314.08,216.17,804.31,323.29,213.02,803.08,333.1,211.52,797.2,340.86,213.8,797.39,349.66,209.04,801.77,354.27,201.33,804.77,362.82,197.1,801.94,370.3,203.1,793.5,375.58,204.09,797.15,382.65,210.14,801.99,390.65,213.7,796.67,398.99,212.22,787.98,402.39,215.81,779.43,407.57,215.91,769.8,409.83,214.47,763.65,414.77,220.61,755.71,420.11,223.53,746.14,421.1,220.8,736.98,424.76,219.15,727.05,425.85,218.66,717.08,426.24,218.05,707.36,424.54,216.45,700.76,432.01,215.63,692.62,437.12,212.85,685.92,444.53,213.15,676.14,445.19,215.15,675.08,452.21,208.11,665.69,454.7,210.48,230,372,180
27,850,200,252,846.39,207.87,247.0,839.87,213.99,242.52,833.65,221.24,239.57,824.16,222.71,236.76,821.65,232.12,239.01,813.29,235.6,234.77,815.16,245.42,234.72,820.97,253.56,234.34,815.15,261.05,237.49,814.44,271.02,237.08,812.33,280.79,236.78,811.01,290.6,238.25,802.14,295.2,238.44,804.87,302.12,231.76,797.24,308.13,229.37,787.58,309.32,231.63,779.43,314.82,229.79,769.89,317.18,231.65,760.23,319.5,230.51,751.76,324.48,232.36,743.23,329.48,230.9,740.76,336.88,224.64,742.81,336.64,214.86,748.1,345.12,214.98,752.73,353.94,215.93,754.21,356.01,206.27,760.03,358.05,198.39,761.19,361.44,189.06,765.41,369.98,186.02,757.8,373.83,180.8,750.0,377.54,175.75,740.47,378.89,173.06,731.63,380.82,168.8,721.77,381.19,167.14,714.81,386.76,162.62,712.43,395.67,166.48,705.79,403.13,166.99,696.71,404.77,170.85,690.15,411.11,166.75,681.4,406.6,165.04,674.22,413.54,165.64,664.84,410.58,163.85,654.85,410.7,163.4,650.06,418.13,158.74,641.11,413.78,157.69,631.88,413.45,161.52,622.54,413.51,165.08,620.06,419.02,173.05,610.26,417.06,173.14,600.98,413.32,173.21,592.19,412.56,168.5,583.95,407.11,167.0,574.72,405.76,163.4,566.25,410.52,161.03,556.27,411.16,160.98,548.26,416.56,163.56,540.4,414.59,169.43,538.25,421.25,176.57,230,372,180
28,790,372,90,781.3,376.53,91.93,771.72,373.68,92.25,762.3,372.46,95.39,752.66,374.99,94.67,742.67,375.46,94.59,736.07,380.83,99.85,737.25,382.47,109.64,728.03,385.73,111.71,718.81,385.9,115.58,715.06,394.46,112.0,705.37,393.09,114.04,697.15,398.78,113.89,687.6,401.5,112.65,678.23,402.13,116.08,671.66,408.14,120.64,661.69,407.53,120.38,657.13,413.34,127.12,647.52,411.08,125.57,639.13,411.64,130.98,631.0,407.87,135.41,623.04,410.75,140.74,614.25,406.54,143.01,604.86,405.26,146.19,595.6,408.82,147.42,590.61,412.43,155.3,582.2,416.63,158.71,573.08,418.13,162.52,564.58,413.01,163.81,558.25,419.64,167.82,551.16,413.98,172.01,541.53,413.75,169.32,531.59,412.79,168.67,522.48,412.44,172.77,513.76,412.23,167.88,504.94,415.86,170.87,497.03,419.48,165.94,488.03,422.23,169.34,230,372,180
29,790,372,99,781.65,376.44,102.25,772.93,377.82,106.94,763.71,381.56,105.98,754.08,384.18,105.29,745.53,386.18,110.08,735.85,387.95,108.27,725.9,388.93,108.34,717.31,393.44,110.77,710.88,400.76,113.03,703.42,402.32,119.51,705.19,408.63,127.07,697.47,407.7,133.35,690.87,412.17,139.39,681.34,409.12,139.53,671.57,408.52,137.48,662.36,404.68,136.86,653.93,399.37,136.03,644.76,396.9,139.18,635.06,398.22,137.16,629.8,406.63,135.9,623.9,411.31,142.48,621.36,420.76,144.55,611.41,421.5,145.26,601.71,422.69,147.37,596.74,430.88,144.49,587.41,431.43,140.93,577.65,432.23,142.97,568.64,433.87,146.97,559.87,438.63,147.69,551.63,442.18,143.27,542.71,444.58,147.09,534.43,439.9,143.99,525.06,438.93,147.35,515.15,437.58,147.22,506.83,435.85,152.5,497.79,437.66,148.64,489.65,442.48,151.9,479.92,440.79,150.3,473.15,437.18,156.71,465.97,440.73,150.73,458.17,445.8,147.05,449.51,449.17,150.74,443.44,452.76,143.64,230,372,180
30,790,372,108,784.72,379.73,104.49,775.05,381.12,106.62,766.69,385.8,103.76,757.33,385.61,107.27,747.92,387.62,110.01,738.3,386.06,112.25,728.52,387.87,111.23,719.45,384.04,112.99,710.71,386.26,117.3,700.92,384.24,117.62,692.82,387.74,112.91,684.67,389.43,118.45,676.28,394.84,117.95,669.74,400.45,123.04,660.07,401.2,125.47,654.13,409.01,123.52,646.22,411.18,129.24,639.47,418.18,131.53,630.89,414.19,134.76,622.52,419.58,133.77,614.13,424.65,135.75,605.46,421.98,139.95,595.69,422.65,141.99,586.75,419.11,144.73,577.91,422.65,147.79,572.56,430.39,144.4,564.9,430.03,150.82,555.92,428.62,154.99,547.82,422.75,155.06,541.45,421.27,162.62,531.97,420.43,165.71,525.48,414.03,169.83,515.57,414.16,168.55,506.21,412.56,171.69,496.28,413.01,170.63,489.74,406.64,174.74,480.2,409.18,173.13,470.34,407.85,174.04,465.94,408.23,183.02,456.36,407.66,180.2,450.14,399.84,180.44,230,372,180
31,790,372,162,780.93,375.42,164.47,771.01,375.37,163.22,761.25,376.76,161.54,751.45,378.65,160.92,747.15,387.19,158.0,737.74,384.29,159.74,730.7,388.53,165.45,720.77,387.83,166.31,712.42,389.65,161.11,703.89,393.02,165.1,698.8,397.07,172.7,689.49,398.58,169.35,679.78,396.39,170.27,670.28,393.59,171.7,663.94,398.77,165.96,655.07,403.33,165.2,645.37,404.72,163.21,644.09,410.56,171.23,641.0,417.56,177.67,631.49,419.19,180.31,230,372,180
32,790,372,171,780.32,369.86,169.69,770.54,370.34,171.74,760.69,371.93,172.45,752.44,375.95,168.49,743.17,372.74,170.4,736.64,380.01,168.29,728.05,382.79,164.0,723.09,390.69,167.63,718.54,396.0,174.77,709.83,400.6,176.49,701.02,405.32,176.93,692.02,408.58,174.05,682.16,408.59,172.39,676.16,415.99,175.44,666.28,415.99,176.96,656.86,414.88,173.78,648.62,419.57,176.94,638.68,420.63,176.46,230,372,180
33,790,372,180,780.42,373.82,182.21,771.28,375.55,185.87,764.16,381.64,182.37,754.77,379.29,179.83,745.07,377.26,181.12,739.43,383.42,175.62,729.44,383.37,175.85,719.44,383.13,176.14,709.95,380.87,173.95,700.44,383.62,175.35,690.83,383.9,178.11,681.9,388.15,176.68,683.72,397.55,179.57,679.52,402.76,172.14,671.34,406.01,167.39,665.56,410.06,160.31,656.19,410.92,163.68,646.32,409.51,162.9,636.43,408.06,162.73,628.26,402.41,161.56,619.7,404.89,166.11,614.19,406.54,157.93,605.7,405.27,152.81,597.37,406.44,158.22,588.75,404.93,163.05,579.12,404.51,160.37,573.96,404.04,168.92,566.11,397.88,168.22,557.97,398.91,173.94,548.7,400.71,170.65,540.82,401.14,176.79,531.51,401.78,180.37,521.57,402.15,179.31,516.2,406.33,171.98,506.89,406.47,168.34,496.96,405.98,169.4,489.22,410.7,173.62,480.97,413.33,168.62,471.43,415.47,170.72,462.84,418.51,166.59,456.12,414.49,172.8,447.13,418.4,174.78,230,372,180
34,790,372,189,780.16,372.2,190.76,772.93,374.96,197.09,763.02,375.13,198.44,753.27,376.27,196.57,744.47,379.51,200.05,741.61,387.64,194.98,732.9,391.27,198.28,723.54,387.98,197.05,713.6,388.99,197.3,703.61,388.49,197.58,696.49,395.49,196.99,691.29,403.08,200.9,686.55,411.89,200.81,680.27,417.95,195.94,671.18,414.44,193.68,661.77,416.31,190.85,653.05,420.16,187.83,646.36,421.93,195.05,230,372,180
35,790,372,198,780.11,372.83,199.23,776.46,374.09,190.0,768.33,379.83,189.04,758.91,377.74,191.68,749.2,375.63,192.82,743.72,382.24,197.94,734.37,381.73,194.43,724.8,383.78,192.38,714.87,384.98,192.23,707.62,391.61,194.1,698.62,391.79,198.44,690.13,396.18,201.39,680.54,397.54,203.87,672.85,402.26,208.19,663.81,404.82,211.6,662.34,405.45,221.48,653.06,402.25,223.4,645.63,408.63,225.43,635.65,408.33,224.79,629.31,413.35,230.67,619.32,413.9,230.47,609.41,414.17,229.2,599.86,415.65,231.79,590.35,418.3,233.38,581.4,420.27,237.38,572.54,422.03,241.67,562.75,420.0,241.41,553.39,421.98,244.33,543.47,420.81,244.59,534.47,425.04,245.7,528.07,432.7,245.27,518.12,432.76,244.27,508.27,431.19,245.01,499.63,435.18,241.92,491.59,434.12,247.76,482.26,436.44,245.02,472.52,436.66,247.26,463.91,432.5,250.19,458.05,424.53,248.68,448.6,424.61,251.95,441.26,430.73,254.89,432.1,430.96,250.88,428.52,438.81,255.93,419.26,437.01,252.6,410.33,440.85,250.25,404.81,432.54,250.97,397.02,437.14,255.23,393.12,440.77,246.76,385.55,443.61,240.88,379.14,451.21,241.95,374.28,456.46,248.93,364.93,453.94,246.45,230,372,180
36,790,372,252,785.36,376.14,244.17,775.66,374.65,242.21,765.66,374.64,242.12,757.67,380.39,243.84,748.33,377.96,241.19,740.89,380.8,235.14,731.36,383.55,236.39,721.87,386.56,235.49,712.8,389.32,232.31,703.38,388.43,229.08,693.98,385.0,229.36,686.76,388.77,223.57,682.96,392.06,214.92,677.98,397.72,208.35,671.43,401.3,214.99,661.82,403.3,213.08,660.14,409.33,220.88,650.84,412.53,222.68,641.26,411.86,225.46,631.98,408.17,224.81,622.74,411.25,227.04,614.84,416.75,229.76,605.25,418.53,232.0,596.39,422.57,229.74,588.14,426.5,233.79,585.92,435.28,238.04,577.41,439.09,234.44,568.82,433.99,234.88,558.9,435.22,235.18,552.11,442.47,236.29,545.49,449.91,237.23,537.66,443.7,236.76,529.36,443.43,231.18,520.34,447.45,229.64,518.37,450.78,220.42,510.53,444.9,218.4,501.12,444.54,221.77,491.24,443.16,221.02,484.25,448.13,226.16,475.21,451.23,223.23,466.28,448.47,219.66,458.25,448.8,213.71,450.84,447.88,220.37,444.83,441.94,215.02,230,372,180
37,820,372,90,810.36,369.34,90.09,800.5,370.82,90.85,790.91,372.97,92.71,781.24,374.35,90.6,772.32,378.78,91.47,763.0,375.37,90.18,753.91,377.49,93.74,749.1,382.67,86.66,740.09,380.66,90.51,730.72,381.68,93.86,721.45,382.91,97.4,717.78,386.18,88.69,709.09,390.5,91.12,700.88,394.13,95.52,691.57,397.02,93.26,687.72,405.96,90.96,685.5,413.85,96.68,676.05,416.69,95.06,666.47,414.99,97.38,656.64,414.81,95.58,650.21,420.32,100.9,651.55,426.77,108.42,641.71,428.32,109.38,631.89,429.14,107.71,625.99,433.31,114.62,617.36,429.78,111.0,608.46,434.31,111.35,599.04,437.29,109.78,590.15,433.82,112.75,580.66,436.78,111.64,570.69,436.16,112.03,562.08,441.19,111.31,553.65,435.92,112.41,544.82,432.18,115.23,535.57,429.45,112.58,530.68,436.83,107.93,522.4,433.61,103.35,230,372,180
38,820,372,99,810.82,375.3,101.19,801.14,373.49,102.93,791.25,372.09,103.51,781.74,372.2,106.61,779.92,374.16,116.24,776.54,380.82,122.88,767.25,378.66,125.9,758.09,381.62,128.61,751.16,383.26,121.59,742.43,386.78,124.98,741.02,395.67,129.32,731.74,397.24,132.7,722.89,393.91,135.96,716.06,397.18,142.49,706.38,399.17,140.94,699.15,404.25,145.62,690.81,409.24,143.26,685.25,415.01,137.28,676.46,417.97,133.53,670.93,420.26,141.53,661.99,417.24,144.84,653.31,416.38,149.74,644.02,413.45,152.01,641.29,419.37,159.59,632.35,416.51,163.04,623.75,415.41,168.03,614.08,416.16,165.59,604.21,415.34,164.23,594.22,414.93,164.44,589.78,417.01,155.72,586.74,426.47,154.58,579.54,433.31,153.4,570.59,436.35,150.14,560.77,437.71,151.43,550.86,436.46,151.98,541.0,437.43,150.63,531.08,438.15,151.64,527.27,441.64,160.21,517.73,438.68,160.6,508.05,438.2,163.09,502.91,440.52,154.83,494.99,443.41,160.22,487.22,437.41,158.31,479.24,431.8,156.1,470.47,427.22,157.55,460.53,426.31,158.11,452.11,431.6,157.1,445.4,433.1,164.37,437.14,432.42,169.95,430.65,435.14,162.85,230,372,180
39,820,372,108,810.68,375.61,107.75,800.84,376.49,106.21,791.39,379.69,105.52,782.58,383.18,108.73,772.65,384.18,109.31,762.98,385.89,111.19,753.09,384.43,110.92,743.2,383.06,111.54,736.47,387.29,117.6,727.35,389.21,121.23,718.14,392.5,123.31,712.49,400.04,119.95,703.53,395.62,120.45,694.25,397.07,117.0,688.21,404.77,114.99,680.45,408.13,120.33,671.19,410.13,117.14,662.11,407.03,119.98,659.29,409.98,129.11,650.09,412.45,126.08,646.28,416.45,134.41,647.53,420.65,143.4,643.24,425.01,151.31,637.14,429.68,157.71,627.59,431.69,159.89,618.35,428.34,161.76,609.45,425.43,165.25,599.97,424.19,168.18,593.41,431.66,169.28,583.74,430.54,171.55,574.68,434.23,173.65,565.46,432.64,170.11,556.23,429.57,172.43,546.99,431.63,169.21,542.91,440.22,166.1,534.37,437.21,161.86,525.0,434.34,159.88,517.0,428.55,161.48,507.29,428.92,163.83,497.53,429.03,165.98,489.58,422.99,165.3,480.51,421.14,161.53,472.67,427.33,161.99,463.56,423.31,162.92,454.64,423.78,167.42,230,372,180
40,820,372,117,810.36,373.7,119.02,800.66,371.29,118.59,790.68,371.69,118.09,781.93,376.38,116.85,780.72,385.84,113.86,776.42,391.79,120.65,766.8,391.66,123.4,759.15,396.63,127.49,750.08,392.58,128.68,740.26,392.28,126.82,730.83,394.73,129.04,720.86,394.48,129.78,712.35,397.1,125.22,702.43,397.95,124.3,694.02,402.48,121.34,687.82,408.29,116.05,678.98,408.25,120.72,669.28,405.84,120.61,660.15,409.42,122.61,650.92,408.74,126.38,643.39,413.14,131.27,634.2,417.07,131.0,626.76,421.62,135.9,617.86,420.11,140.2,610.07,421.03,146.41,612.46,419.72,156.03,603.03,419.32,159.34,594.37,422.33,163.33,585.62,426.56,160.98,576.72,427.92,165.32,568.31,422.72,166.85,562.4,420.94,158.98,553.07,417.43,158.17,545.22,422.03,162.32,537.21,417.1,158.93,528.24,421.43,158.05,518.85,420.63,161.39,516.04,428.24,167.23,230,372,180
41,820,372,126,810.33,373.78,127.83,801.51,377.38,130.87,792.09,374.45,129.25,782.42,377.01,128.97,775.98,382.63,134.16,766.87,380.73,137.81,757.52,377.2,137.74,750.2,382.24,142.34,740.51,383.78,144.23,731.36,387.79,144.84,722.04,389.1,148.21,712.61,392.41,147.94,705.54,392.24,155.01,697.02,393.21,149.87,687.37,395.76,150.57,677.68,397.57,152.24,672.18,404.57,156.8,663.42,404.92,161.6,653.61,403.49,160.27,648.22,411.39,157.34,639.77,409.08,162.15,631.33,403.86,163.41,622.33,402.41,159.31,613.04,405.48,157.24,603.84,408.97,159.03,594.31,407.02,156.71,585.0,409.83,159.06,575.16,410.83,157.64,567.18,412.51,151.84,559.78,416.35,157.36,550.06,416.02,155.04,542.58,420.87,159.58,532.85,421.8,157.51,523.22,424.51,157.84,514.23,422.6,161.77,512.91,429.11,169.25,506.94,422.54,173.86,498.06,426.78,172.08,230,372,180
42,820,372,135,810.0,372.21,135.15,800.23,372.68,133.08,795.56,377.14,140.72,785.61,377.76,140.01,780.28,385.17,144.11,770.61,384.33,146.48,761.4,388.2,147.01,751.82,390.81,148.18,742.37,393.2,150.42,733.89,397.44,147.26,724.64,396.66,150.98,718.47,404.51,151.61,711.24,408.67,157.13,701.92,405.07,156.83,692.37,407.95,156.11,683.8,408.98,161.16,674.72,410.32,157.2,665.32,407.23,155.77,660.25,407.19,164.39,650.39,408.79,164.65,640.92,407.14,161.9,631.79,403.63,164.0,621.92,404.39,165.42,613.21,399.86,167.27,604.8,395.05,169.77,596.67,398.9,165.4,587.95,394.18,164.11,578.46,397.33,164.11,569.06,394.89,166.51,559.96,398.64,164.74,551.83,404.19,166.51,542.59,402.93,170.13,535.05,406.62,164.7,526.51,408.51,169.56,518.11,413.51,171.66,508.23,414.02,170.23,502.16,406.93,173.81,492.38,407.65,175.78,483.86,406.53,180.89,476.34,412.1,184.43,230,372,180
43,820,372,144,810.24,370.63,145.69,809.98,379.46,150.39,806.09,386.51,156.32,796.15,387.39,156.98,786.55,388.25,159.65,776.71,389.99,159.41,767.29,393.35,159.31,757.41,392.97,160.78,750.12,394.0,167.55,741.42,397.94,170.52,733.88,404.08,168.19,724.42,403.65,171.4,715.49,400.81,167.89,705.68,401.24,166.01,698.25,407.24,169.0,693.96,412.74,161.83,689.52,418.96,168.28,681.0,420.11,163.17,673.46,426.68,163.0,667.65,432.62,157.45,657.68,433.25,157.07,648.91,431.8,161.66,639.98,427.75,159.72,631.86,429.69,165.22,626.67,436.44,159.97,617.71,434.4,163.92,608.42,434.54,167.63,598.79,436.05,169.83,591.77,430.11,173.75,587.09,434.3,181.53,582.51,434.77,190.41,230,372,180
44,820,372,153,812.83,378.75,151.26,803.04,380.75,151.48,796.33,387.91,149.56,786.63,390.29,150.05,776.83,392.28,149.78,771.25,400.57,149.58,761.52,401.04,151.83,752.17,404.28,150.39,742.43,404.32,152.67,732.72,402.19,151.59,723.64,406.36,151.41,713.95,405.94,148.98,704.18,407.8,147.89,695.13,410.87,150.85,687.39,415.29,155.38,681.1,419.83,149.08,671.25,421.03,150.28,661.33,420.31,151.41,653.75,419.66,157.89,647.56,424.22,151.49,637.96,424.04,148.7,631.25,431.08,146.38,623.18,425.3,147.58,614.02,427.57,150.91,607.46,429.37,158.24,597.49,428.62,158.14,588.55,431.1,154.42,578.72,429.26,154.16,569.26,426.01,154.13,560.75,423.4,158.67,552.02,423.44,163.56,542.32,424.36,161.32,532.35,424.94,161.88,523.53,423.23,157.49,514.78,418.8,159.45,506.42,423.03,162.94,499.51,429.91,160.71,489.83,431.19,162.87,480.19,432.24,160.43,472.84,425.51,159.56,463.03,423.63,159.22,454.9,420.66,164.23,446.12,422.07,168.8,439.35,415.2,166.15,430.0,417.01,169.2,421.09,414.32,172.87,417.1,423.47,173.43,414.53,431.64,168.26,405.53,432.2,172.58,398.49,434.99,166.05,391.0,437.25,159.83,381.58,440.56,159.24,372.1,440.66,156.05,363.69,445.46,158.53,230,372,180
45,820,372,162,810.14,370.31,162.06,800.32,369.2,163.57,790.85,366.02,163.1,781.66,369.87,162.3,772.23,372.74,163.97,763.46,375.83,167.67,755.56,381.87,168.68,745.62,381.63,167.69,743.32,384.4,177.02,736.07,385.09,183.88,733.86,394.42,186.7,724.54,396.99,184.14,722.22,406.7,183.59,714.34,410.94,179.13,705.66,405.98,179.45,695.93,407.04,181.51,689.13,410.62,187.91,679.55,413.43,187.34,674.39,420.44,182.42,665.61,416.82,179.29,657.36,419.35,184.34,647.82,419.78,181.37,639.07,416.53,184.94,230,372,180
46,820,372,171,810.41,369.21,171.55,801.44,369.72,175.92,796.2,375.08,182.55,786.7,373.32,179.96,783.19,374.86,170.72,773.24,373.99,171.19,766.38,381.18,172.37,757.65,386.05,172.53,752.13,394.36,173.29,743.73,394.52,178.71,734.78,391.65,182.1,724.88,392.47,183.28,721.72,396.44,174.66,713.79,401.29,170.97,704.26,399.07,168.89,695.57,403.68,167.11,687.05,399.22,169.87,678.08,403.18,171.82,669.59,398.17,170.17,659.89,400.56,169.77,650.61,401.94,166.31,642.04,407.1,166.58,633.2,408.85,170.92,623.34,407.42,170.17,616.61,408.7,162.89,608.83,414.25,159.95,600.54,408.69,160.46,592.86,402.56,162.33,582.96,403.66,161.38,573.23,401.38,161.53,569.5,408.47,167.51,562.29,412.86,162.15,553.38,408.63,160.5,544.27,412.73,160.98,538.37,412.7,169.05,534.64,421.95,168.32,525.94,426.54,170.08,517.04,431.11,170.15,509.71,432.8,163.56,500.99,437.11,161.23,492.88,436.46,155.42,486.7,431.29,161.35,477.42,431.64,157.66,468.34,435.29,159.73,460.29,437.45,165.26,452.96,438.0,172.05,447.48,441.85,179.48,440.37,446.74,174.44,230,372,180
47,820,372,180,815.07,376.38,172.49,805.7,379.87,172.31,796.18,377.65,174.41,786.25,378.77,173.83,782.96,386.43,168.33,773.61,388.6,171.16,763.85,389.23,169.07,756.34,395.17,166.19,747.06,391.66,164.92,738.63,396.89,166.17,730.0,400.78,169.4,726.89,402.58,178.73,717.7,404.65,175.36,708.24,401.63,174.18,699.51,402.42,179.0,691.66,406.26,183.86,683.54,410.15,179.52,673.54,410.29,179.41,665.28,414.35,175.49,659.82,420.06,169.37,651.74,414.39,170.96,642.18,415.47,168.22,632.98,411.94,166.52,627.87,410.46,158.06,618.17,408.81,159.84,609.69,404.28,162.6,602.94,411.51,164.02,593.59,413.93,166.63,589.87,414.45,175.9,581.29,415.7,180.87,573.25,421.23,183.06,565.19,415.33,182.72,557.11,417.47,188.22,550.74,423.67,192.8,543.12,429.03,196.43,533.18,427.94,196.74,527.97,434.37,202.36,522.89,442.43,205.39,513.23,440.73,207.3,503.66,437.81,207.44,494.4,434.14,206.63,485.28,438.08,205.5,475.43,437.31,203.95,467.33,433.01,207.94,459.78,428.05,203.65,453.2,422.36,198.72,445.99,416.46,195.08,230,372,180
48,820,372,189,810.89,375.18,191.63,801.09,376.38,190.02,792.96,381.23,193.23,785.03,386.86,190.88,777.28,392.77,188.63,767.67,393.74,186.05,762.84,402.19,188.34,753.16,403.07,190.66,744.5,402.36,185.7,737.12,406.15,191.28,728.21,407.3,186.9,718.66,409.54,188.87,709.31,409.73,192.41,701.26,410.33,198.31,691.89,407.25,199.96,683.03,409.19,204.17,673.51,409.11,207.23,663.94,410.91,209.5,655.23,411.26,214.4,646.55,416.19,213.72,638.33,417.7,219.21,629.25,421.75,220.21,632.08,428.89,226.61,627.88,437.36,229.87,618.98,440.14,226.24,610.69,437.97,221.1,603.12,442.46,216.35,597.31,450.54,215.35,588.99,445.05,214.48,581.33,448.53,209.07,573.87,447.46,202.5,564.84,449.28,206.38,555.36,448.66,203.25,547.8,445.14,197.74,230,372,180
49,820,372,198,813.9,378.3,202.81,806.79,385.33,202.76,804.8,386.63,212.47,795.88,389.81,215.66,786.06,391.4,216.71,776.58,389.46,214.17,772.54,394.56,206.58,762.68,392.92,206.2,753.35,396.38,205.16,744.56,400.06,208.17,735.21,399.25,204.72,725.76,396.05,205.53,717.37,401.26,207.08,707.64,403.32,206.02,698.92,408.19,205.53,691.12,412.36,210.2,681.55,413.47,207.53,673.0,418.66,207.42,672.73,427.13,212.73,673.42,437.06,213.71,665.36,442.42,211.23,655.58,443.26,209.31,645.72,444.87,209.79,636.22,446.72,212.31,632.61,449.66,203.47,623.17,449.72,206.78,623.3,459.0,210.5,614.5,463.72,211.05,605.51,464.17,206.69,596.16,460.65,206.26,588.09,455.4,203.57,578.68,456.39,206.8,569.4,460.01,205.91,560.99,455.54,202.85,230,372,180
50,820,372,207,816.52,381.13,209.14,807.77,385.42,211.41,797.91,384.78,209.87,791.06,385.52,202.63,781.29,387.63,203.0,772.22,390.4,199.81,762.79,392.41,202.46,752.94,392.8,200.82,743.02,392.51,199.53,734.13,396.21,196.85,724.49,396.94,199.42,718.59,404.52,202.18,708.75,403.97,203.91,699.06,402.4,202.0,693.87,407.21,209.06,684.63,410.53,207.14,676.25,412.93,212.03,666.27,413.16,211.34,656.34,411.96,211.31,648.92,416.5,216.24,638.93,416.58,216.71,629.7,418.65,219.93,628.8,426.88,225.54,620.15,431.83,224.65,611.22,434.62,221.13,603.75,441.01,222.95,594.06,443.16,224.16,587.06,441.2,217.29,577.62,441.28,213.98,567.87,441.04,211.76,558.44,440.9,215.09,549.67,443.38,210.99,547.22,450.53,217.54,538.6,453.2,213.21,530.69,457.07,208.49,522.99,457.01,202.1,513.35,455.06,203.91,505.82,459.81,199.37,230,372,180
51,820,372,216,815.02,379.9,212.44,805.72,382.99,214.43,796.18,385.36,212.55,786.76,382.62,214.47,777.43,381.28,211.11,767.83,382.92,208.86,757.86,383.59,208.44,748.59,380.68,210.82,739.03,381.3,207.95,730.93,386.13,211.29,721.94,389.72,208.78,717.29,395.01,215.87,708.52,399.78,216.41,698.82,400.75,218.68,689.83,401.91,214.46,680.01,403.33,215.71,670.06,404.06,216.37,660.46,403.89,213.58,652.19,408.19,217.21,645.39,414.13,221.5,636.52,417.03,217.9,627.56,417.8,222.26,619.69,423.51,224.61,612.48,430.4,225.44,615.7,439.76,224.01,610.3,442.56,216.07,606.24,441.67,206.98,598.25,442.18,200.98,589.6,439.31,196.86,580.81,437.44,192.48,572.31,433.67,188.81,562.78,432.32,186.07,552.89,430.98,186.63,544.12,433.92,182.84,535.2,430.92,186.23,525.51,431.31,183.77,516.58,429.44,187.86,508.64,432.85,192.9,230,372,180
52,820,372,225,810.01,371.64,224.89,808.68,381.08,227.9,802.38,386.52,222.36,793.03,388.96,219.78,783.97,385.39,217.52,774.42,386.87,214.94,766.76,393.26,215.61,759.33,399.27,218.56,749.51,397.68,219.59,740.51,400.96,222.45,730.94,399.97,219.71,723.06,406.03,220.85,713.52,403.69,218.97,704.48,401.62,215.24,694.59,402.78,216.18,685.13,399.74,215.07,682.52,402.34,205.78,673.24,406.05,206.1,666.36,413.07,207.97,659.8,417.58,214.02,649.93,416.0,214.27,644.8,420.22,221.73,635.77,423.71,219.2,626.44,420.86,221.39,617.76,425.11,223.97,608.38,428.05,225.77,600.91,430.56,231.93,596.96,439.7,232.92,587.58,436.28,232.33,577.9,438.55,231.28,568.8,441.81,233.85,559.51,441.83,237.56,550.18,444.14,234.8,540.91,446.8,232.17,532.49,447.57,226.83,531.14,455.69,221.16,526.1,459.67,213.49,516.82,456.03,214.17,507.1,456.59,211.89,500.16,449.39,212.3,490.33,447.9,211.26,482.21,444.19,206.77,230,372,180
53,820,372,234,810.44,374.61,232.65,801.7,379.01,234.7,791.76,379.96,234.12,787.52,383.06,225.61,780.31,383.34,218.68,771.49,386.57,215.25,761.62,387.82,216.25,753.03,391.18,212.39,743.44,390.08,214.99,733.98,392.73,216.85,724.46,389.67,217.15,715.14,387.61,214.18,705.16,388.13,213.66,695.25,388.75,214.84,686.51,390.52,210.33,677.57,391.26,214.75,668.05,388.81,212.91,659.56,393.24,215.79,659.74,401.51,221.39,656.84,409.21,227.09,654.46,405.09,235.89,644.68,407.15,236.28,634.97,404.97,237.18,625.63,406.26,240.52,616.98,409.73,236.9,610.52,413.48,230.25,601.19,417.0,230.99,592.49,419.17,235.42,583.47,423.36,236.51,574.55,426.09,240.11,565.34,428.05,236.75,562.2,434.54,243.67,552.4,432.52,243.61,542.67,434.78,243.35,533.02,435.79,245.8,525.58,429.71,248.56,518.9,422.28,249.07,509.99,418.36,251.35,500.61,421.83,251.42,498.97,429.31,257.85,489.18,430.11,255.97,479.84,430.08,259.53,474.58,421.84,257.46,464.89,419.59,256.42,455.02,418.66,255.17,448.55,424.14,260.47,441.06,418.22,257.49,431.78,414.51,257.88,421.93,413.85,256.32,414.95,418.98,261.33,407.84,416.83,254.63,400.15,411.84,258.63,391.03,411.51,262.72,381.77,412.18,266.45,375.41,405.36,262.83,365.96,407.48,260.32,356.95,411.79,259.87,349.14,417.78,258.13,230,372,180
54,820,372,243,810.65,372.19,239.45,805.0,379.45,235.52,795.05,379.89,234.64,785.09,380.71,234.68,776.21,384.95,236.46,772.64,386.71,227.28,762.82,388.24,228.35,752.87,387.74,229.18,746.51,394.33,233.2,736.68,393.07,234.54,727.01,393.12,231.98,717.72,390.76,229.15,708.16,393.69,229.04,698.52,395.38,231.1,688.57,394.99,232.02,682.7,402.3,228.55,681.34,402.97,218.66,671.39,403.74,219.16,664.66,407.03,212.53,658.05,414.1,210.02,657.55,424.05,209.22,654.47,428.16,200.64,647.14,434.66,198.65,638.92,436.9,193.41,629.41,439.91,192.64,620.85,444.95,193.72,611.18,443.43,191.67,601.76,443.01,188.33,230,372,180
55,820,372,252,810.78,375.87,251.97,800.91,377.41,252.55,801.95,386.35,256.9,802.03,395.94,254.07,792.37,397.47,251.97,782.59,395.45,251.57,774.6,400.89,249.02,765.11,397.9,250.02,755.98,394.17,248.37,746.11,395.01,249.77,736.15,395.9,249.66,727.09,397.53,245.76,720.18,399.83,238.91,711.13,402.57,235.65,701.32,403.81,237.15,691.51,405.33,238.39,684.75,412.65,237.59,675.02,412.72,239.9,665.02,412.47,240.03,656.19,412.81,235.36,646.54,412.82,232.71,638.16,408.03,230.09,630.48,414.23,231.67,620.8,413.02,229.48,612.55,417.24,233.23,606.23,422.37,227.42,597.93,425.24,232.2,596.93,433.92,227.32,598.33,443.81,226.95,594.54,452.11,231.04,585.04,455.19,230.42,575.46,454.49,233.17,567.41,452.98,227.43,561.12,459.03,232.31,551.72,457.53,235.37,543.99,451.18,235.42,534.57,454.46,234.74,525.6,452.91,230.6,520.88,451.63,221.88,514.85,454.84,214.58,230,372,180
56,850,372,90,840.7,373.03,93.53,841.58,367.02,101.47,834.31,368.1,108.25,827.21,374.95,109.86,817.89,378.36,111.09,817.62,374.23,120.2,808.32,370.99,121.93,798.58,369.6,123.73,789.34,373.14,122.31,779.77,370.68,123.82,775.94,379.82,125.18,772.92,388.84,122.1,763.4,387.98,125.05,753.44,388.32,125.88,743.62,387.03,124.52,734.69,387.81,128.96,725.42,389.88,132.1,715.88,386.98,131.42,710.44,391.92,138.21,700.6,390.74,139.51,691.18,393.81,138.17,681.98,397.45,136.7,676.1,403.38,131.2,666.56,405.19,128.8,657.03,405.58,131.81,647.35,404.14,129.78,638.69,407.32,133.65,629.09,409.99,132.89,621.07,406.39,137.65,611.87,406.68,141.55,602.72,410.25,143.47,595.07,415.66,146.96,586.86,417.49,152.36,582.19,422.99,159.29,572.19,422.9,159.28,563.45,427.45,157.61,553.56,426.33,158.62,545.79,420.19,159.99,537.68,414.43,160.96,531.57,417.11,168.41,523.73,423.12,166.91,516.01,420.24,172.58,507.0,418.61,176.61,230,372,180
57,850,372,99,840.16,370.66,100.21,830.64,369.47,103.02,821.13,372.54,103.14,813.35,374.41,109.14,803.81,377.23,110.24,799.99,383.78,116.75,791.5,387.13,120.85,781.55,386.83,121.74,772.85,391.76,122.18,764.72,395.8,126.36,762.17,399.47,135.31,752.99,401.89,138.46,744.22,400.88,143.16,734.52,401.58,140.85,725.17,398.17,141.83,717.61,400.45,147.96,708.13,400.95,151.12,700.37,400.33,157.4,691.83,395.77,154.89,684.06,396.6,148.65,676.89,403.51,149.63,667.3,401.91,151.94,658.53,402.87,147.23,649.37,406.85,146.71,640.76,411.16,149.4,630.98,410.15,147.58,621.58,413.42,148.47,613.45,415.62,153.86,604.84,419.2,157.49,596.48,414.09,159.45,586.69,415.11,157.67,578.22,416.76,162.72,569.38,414.33,158.74,560.29,416.83,155.4,550.39,417.83,154.38,541.12,415.66,157.44,536.39,417.74,166.0,527.68,413.22,164.09,519.73,416.34,169.3,512.27,411.55,164.68,503.72,415.12,168.45,493.85,414.48,167.0,485.14,414.9,171.91,476.45,419.12,174.48,466.49,419.79,173.86,460.22,413.1,169.88,450.79,416.42,169.93,442.56,415.16,175.47,433.89,417.24,180.01,425.78,422.44,182.67,419.44,415.81,186.64,230,372,180
58,850,372,108,840.09,371.13,108.99,836.08,375.93,116.8,826.44,373.48,115.71,817.8,378.18,113.9,812.92,386.78,115.41,803.11,387.94,113.84,803.57,397.9,114.56,801.33,403.96,122.19,793.01,409.32,120.73,783.8,412.71,122.69,776.7,411.85,129.68,770.7,409.1,137.19,761.35,412.17,138.95,753.84,417.36,143.03,744.47,416.61,146.45,735.22,420.3,147.31,726.05,424.19,148.16,716.68,426.7,150.6,713.8,436.2,151.85,704.53,438.15,148.65,695.77,434.75,145.24,686.28,434.38,148.36,677.12,434.56,152.38,667.83,431.15,150.96,663.92,439.22,155.37,654.0,438.94,154.19,644.74,442.29,152.45,635.02,444.63,152.91,627.0,439.2,150.42,617.19,438.31,152.13,608.62,439.22,157.19,599.77,434.67,158.19,589.97,432.79,158.74,580.35,431.14,160.95,572.74,425.41,157.92,563.38,422.92,160.42,553.63,425.1,160.76,543.74,426.52,160.26,535.32,421.15,160.71,525.61,420.94,158.3,516.42,424.64,156.96,507.78,429.58,157.97,500.51,433.48,163.62,491.4,433.03,159.53,490.16,440.96,153.57,482.4,445.48,157.97,479.2,452.44,151.53,469.89,453.22,147.96,461.99,457.5,152.35,230,372,180
59,850,372,162,840.33,372.24,159.45,830.47,373.87,159.27,820.66,375.31,160.61,812.53,380.72,158.49,802.74,379.17,157.18,795.38,385.94,157.57,785.4,386.04,158.12,776.61,382.48,161.3,767.51,383.8,165.23,758.4,387.2,167.58,749.15,384.1,169.77,747.34,390.63,177.11,746.73,389.87,187.06,737.45,386.58,188.85,727.76,388.87,189.79,720.07,392.68,194.91,717.31,399.56,201.63,716.06,405.16,209.82,709.79,412.15,206.37,701.29,417.21,204.91,691.48,415.29,204.72,681.87,412.78,205.83,671.94,412.14,204.79,663.74,415.04,209.73,654.16,413.72,212.24,653.68,421.71,218.22,655.06,430.39,223.0,645.5,432.96,221.6,637.58,439.05,221.36,629.13,434.26,223.75,619.97,433.97,219.74,616.22,433.63,229.0,607.02,430.36,226.81,597.97,427.43,229.9,588.46,430.52,229.96,580.69,434.8,234.57,571.43,431.26,233.2,562.63,432.98,237.63,553.71,437.16,239.35,544.66,441.42,239.13,543.74,447.88,231.55,535.3,451.61,227.69,526.95,457.06,226.97,518.1,458.14,222.46,230,372,180
60,850,372,171,840.92,375.01,168.09,831.84,371.41,165.97,822.63,372.88,169.59,813.59,369.58,172.33,807.94,371.52,180.34,798.3,374.17,180.67,788.5,372.33,179.97,786.79,378.38,172.19,777.19,380.58,170.45,773.34,387.5,164.35,765.34,392.0,168.32,756.38,394.27,172.13,747.38,396.01,168.14,743.35,403.97,172.67,733.85,401.62,174.7,724.4,398.83,176.43,715.18,401.24,179.45,705.66,402.24,176.55,697.33,405.25,181.19,696.41,414.31,185.33,688.61,417.6,180.0,230,372,180
61,850,372,180,845.34,363.24,178.74,835.4,362.5,179.46,825.76,363.3,182.01,815.82,362.32,181.44,805.83,361.96,181.25,797.44,365.19,185.63,790.26,372.07,186.68,788.6,381.27,183.13,780.3,385.97,180.13,770.77,383.34,181.61,760.84,384.3,180.9,751.66,380.78,179.06,742.43,384.2,177.27,733.3,380.42,175.7,723.56,380.61,173.45,713.69,380.65,175.01,704.13,383.59,175.07,694.99,387.29,176.72,685.15,386.19,175.28,675.52,388.71,176.17,665.94,390.26,178.61,661.83,395.6,171.22,652.35,397.05,168.41,650.23,403.78,175.5,641.13,399.82,176.67,632.62,395.2,174.14,623.56,391.16,172.87,614.15,387.82,173.39,605.57,391.06,177.36,596.66,394.45,174.34,586.91,395.75,176.14,578.54,393.92,170.97,569.7,394.43,175.62,561.99,389.24,179.32,553.15,387.92,174.83,547.12,395.04,178.42,541.52,402.19,182.6,230,372,180
62,850,372,189,848.38,365.55,196.47,841.96,359.89,201.64,831.99,359.62,202.33,822.01,360.19,202.44,813.11,363.78,199.61,803.7,365.83,196.93,794.17,368.08,194.91,786.53,370.53,200.88,778.1,373.67,196.51,768.3,375.5,195.72,758.98,378.73,194.1,751.37,385.22,194.14,742.13,382.54,191.42,732.42,383.67,193.55,722.88,385.17,190.95,713.98,389.26,192.92,710.2,393.77,184.84,701.02,390.21,183.1,692.18,394.54,184.86,684.01,399.4,181.73,674.48,398.77,184.71,664.49,399.12,184.49,654.67,397.3,183.93,644.82,396.88,185.61,637.59,403.61,187.18,230,372,180
63,850,372,198,840.5,375.12,197.99,840.98,383.53,192.6,833.28,386.81,187.12,825.68,391.59,191.53,816.02,391.61,188.93,806.62,395.0,188.52,803.82,397.97,179.39,794.26,400.76,180.26,785.31,402.11,184.52,775.76,403.74,182.04,773.03,400.15,190.97,763.66,396.69,191.09,759.79,403.31,197.51,750.62,399.91,199.6,743.3,403.04,193.55,733.99,406.69,193.45,724.03,405.86,193.85,714.92,408.4,197.08,705.28,408.13,199.73,698.36,411.58,193.39,691.72,419.06,193.15,682.68,418.26,188.93,672.83,419.95,188.88,664.67,418.64,194.51,654.82,416.88,194.4,645.26,419.79,194.26,635.59,421.55,196.09,627.7,425.44,200.85,618.02,425.76,198.36,608.37,428.32,198.92,599.26,424.33,197.86,590.38,419.81,197.02,581.32,419.3,192.81,572.07,422.71,194.45,565.28,427.71,199.83,230,372,180
64,850,372,252,840.22,370.97,250.17,837.03,378.51,244.43,827.14,377.78,245.67,817.6,380.21,247.45,808.61,382.18,243.54,799.12,381.21,240.53,790.06,381.27,236.3,784.04,383.64,228.67,774.57,381.13,226.67,768.27,388.68,224.86,761.49,390.02,217.63,752.42,385.82,217.95,742.72,387.29,219.92,732.77,386.46,219.49,724.11,388.9,215.12,714.53,390.37,212.65,712.66,391.42,202.88,702.94,389.78,204.58,694.36,385.57,201.62,687.16,390.64,206.35,678.62,395.79,205.55,670.36,399.28,209.98,672.58,405.83,217.2,663.27,409.18,218.65,654.19,409.76,214.52,652.17,419.42,212.9,646.64,427.55,211.07,648.05,433.34,203.05,639.9,439.05,202.09,631.45,442.12,206.48,622.05,439.45,204.4,612.66,437.35,207.14,603.53,433.3,207.66,594.93,435.94,203.3,587.56,436.21,196.54,578.36,438.88,193.68,569.25,436.96,190.02,560.03,435.41,193.58,550.15,435.29,195.11,540.82,435.21,191.5,532.8,431.74,186.64,525.2,434.88,192.33,517.73,429.71,188.15,509.07,433.34,191.6,500.22,436.15,187.9,494.53,428.42,190.69,485.56,427.1,194.9,475.95,424.35,195.29,468.45,417.94,193.67,462.66,418.39,185.53,455.64,423.74,180.82,448.05,426.52,174.94,441.33,420.58,179.37,432.8,423.12,174.81,427.17,430.0,179.39,417.82,426.54,180.19,411.46,422.34,173.71,230,372,180
65,790,545,90,792.99,539.27,97.63,793.29,529.31,98.48,794.93,519.64,96.51,786.14,516.77,100.31,777.41,514.29,104.5,768.4,513.6,108.79,760.74,509.24,104.07,751.84,509.84,99.55,742.33,508.7,102.4,732.79,510.06,105.06,724.83,504.83,108.1,716.39,499.71,109.72,706.8,497.04,110.67,697.13,495.72,108.51,691.45,496.97,116.66,681.77,499.1,115.35,672.75,501.28,111.63,664.89,500.46,117.76,656.84,495.01,115.43,648.39,489.85,116.86,640.04,488.78,122.25,640.83,490.41,132.08,631.29,488.13,134.02,622.02,489.64,137.47,612.06,490.4,137.88,603.45,485.55,136.36,593.5,485.04,135.49,584.22,486.72,132.17,575.27,483.86,135.61,566.5,479.35,137.21,556.77,478.35,139.31,551.2,482.45,146.53,550.29,476.88,154.79,540.48,476.75,156.71,532.68,471.87,152.78,526.25,467.4,159.0,520.57,460.24,163.06,514.28,453.87,167.52,504.68,454.98,170.07,495.25,453.39,173.02,487.18,458.03,169.37,230,372,180
66,790,545,99,780.71,541.95,101.11,770.86,540.26,101.33,761.34,540.05,98.28,752.42,538.36,102.48,742.62,538.87,104.38,743.25,542.64,113.62,734.36,541.22,117.97,724.42,541.12,116.88,715.32,538.24,119.84,706.08,535.86,116.82,696.53,535.45,119.76,689.23,528.93,121.81,679.83,526.81,124.47,670.64,523.44,122.44,661.0,520.79,122.65,651.98,522.39,126.67,230,372,180
67,790,545,108,791.21,536.22,112.63,787.81,534.34,121.85,779.09,529.85,123.79,769.47,527.13,123.96,759.94,528.27,126.76,750.57,527.16,130.07,230,372,180
68,790,545,162,230,372,180
69,790,545,171,230,372,180
70,790,545,180,230,372,180
71,790,545,189,230,372,180
72,790,545,198,230,372,180
73,790,545,252,230,372,180
74,820,545,90,810.1,543.93,89.06,800.47,544.72,91.63,790.58,543.32,91.07,789.15,541.54,100.81,781.51,541.3,107.26,773.77,543.28,113.27,765.67,540.23,118.29,756.57,537.67,121.54,746.59,538.35,121.5,736.92,535.87,122.09,727.07,534.18,121.79,718.11,530.52,119.29,708.64,527.7,117.72,700.68,529.5,123.49,691.21,527.04,125.56,682.96,527.22,131.21,674.1,523.78,134.31,664.49,522.56,131.85,655.41,522.03,127.68,648.4,515.57,130.7,641.36,508.64,132.28,230,372,180
75,820,545,99,817.19,538.25,105.82,808.2,535.21,102.67,798.89,533.1,105.63,797.89,527.2,113.64,789.95,525.92,119.59,787.89,522.97,128.92,778.5,520.69,126.35,769.26,516.87,126.45,759.58,514.4,125.85,750.17,512.0,128.19,741.98,506.96,130.96,732.3,508.89,129.35,722.69,506.85,127.5,713.32,504.23,129.79,703.49,505.42,131.24,694.28,503.02,134.29,685.7,497.91,134.87,677.75,492.85,131.51,670.62,497.49,126.26,661.67,501.48,128.26,651.98,503.09,130.15,642.24,505.24,130.87,632.38,505.87,132.37,623.07,505.83,136.03,613.2,506.64,134.6,605.43,505.01,140.67,230,372,180
76,820,545,108,812.48,539.22,104.83,805.48,532.08,104.95,804.71,523.73,110.4,797.83,526.39,117.15,789.48,522.1,120.61,779.59,522.54,119.2,770.55,518.26,119.18,761.08,515.65,117.31,751.22,514.21,118.16,752.06,507.7,125.71,754.56,499.6,131.01,754.17,490.87,126.15,745.21,487.99,129.52,736.23,483.84,128.01,726.54,481.56,128.91,716.93,483.31,131.05,711.87,481.75,139.54,702.54,482.86,136.12,693.66,480.72,132.05,685.2,475.54,133.32,676.9,469.99,133.77,670.57,469.38,141.49,661.38,465.67,140.2,653.67,461.65,145.14,644.01,460.27,142.93,635.47,457.68,138.42,626.77,456.77,143.26,620.63,450.21,138.86,611.41,450.46,142.72,601.77,447.98,143.7,593.21,443.56,141.02,583.93,447.24,141.48,580.67,452.52,149.32,571.45,448.71,148.68,562.74,451.73,152.55,558.21,457.62,145.85,550.27,459.57,140.08,542.97,460.77,146.8,533.89,457.37,144.34,526.15,459.88,150.16,516.89,460.59,153.87,508.19,462.33,158.47,500.27,466.94,162.48,492.82,468.99,168.83,486.7,461.11,168.29,477.95,458.56,172.42,230,372,180
77,820,545,162,230,372,180
78,820,545,171,230,372,180
79,820,545,180,230,372,180
80,820,545,189,230,372,180
81,820,545,198,230,372,180
82,820,545,252,230,372,180
83,850,545,90,846.88,538.08,83.5,837.2,535.57,83.87,827.32,534.73,85.17,825.44,533.41,94.9,816.69,532.51,99.65,807.0,530.07,99.11,798.03,531.16,103.39,788.44,531.54,106.19,779.69,526.7,106.03,769.76,527.91,105.92,760.63,523.89,105.26,750.72,522.69,105.89,749.92,517.9,114.63,740.1,516.31,115.7,730.24,515.9,117.31,731.85,511.21,126.0,732.62,501.33,127.31,730.89,493.12,121.86,723.94,489.15,127.86,715.7,491.93,132.8,707.27,487.59,135.99,707.35,485.08,145.67,697.61,487.18,146.48,688.5,483.59,148.52,683.31,476.38,143.92,674.58,471.81,145.62,664.9,474.09,146.64,655.17,471.99,147.64,646.52,468.14,144.43,637.65,464.6,141.47,628.8,466.66,145.65,620.17,462.45,142.86,611.75,465.74,147.14,602.25,468.86,146.84,593.94,464.5,150.29,583.97,465.08,150.75,576.25,458.76,150.16,566.8,457.57,153.24,556.93,459.05,152.66,547.77,459.69,148.7,543.71,459.32,157.83,539.82,463.92,165.81,530.71,465.21,161.9,524.85,457.85,165.3,230,372,180
84,850,545,99,843.45,540.85,105.32,833.71,538.65,105.87,831.55,529.48,109.21,822.03,530.14,112.2,818.01,525.6,120.16,811.43,520.89,126.04,803.11,515.65,124.21,803.87,506.16,127.24,795.96,500.59,129.77,786.2,498.78,130.95,781.82,506.0,136.3,773.64,501.18,139.46,763.87,501.08,137.33,754.49,503.71,139.6,744.76,504.09,141.87,230,372,180
85,850,545,108,841.6,539.85,109.73,831.62,540.25,109.38,821.66,539.58,110.08,811.77,540.84,110.79,803.68,535.03,111.66,793.8,535.39,110.19,785.15,531.16,112.91,775.98,527.64,114.77,767.93,522.01,116.64,758.46,524.28,114.34,749.47,524.85,118.68,739.79,526.53,116.81,732.36,528.07,123.33,725.33,523.05,118.3,715.61,525.22,119.14,706.05,522.69,117.64,704.8,518.43,126.6,694.88,519.34,127.45,685.33,516.84,125.89,677.05,519.78,121.1,667.37,518.52,118.93,659.39,518.46,124.95,651.65,512.66,127.51,642.32,510.09,124.97,632.97,512.16,127.85,623.47,509.15,128.59,614.25,507.03,125.35,607.69,512.39,120.03,599.16,507.54,121.96,589.18,508.06,121.56,230,372,180
86,850,545,162,230,372,180
87,850,545,171,230,372,180
88,850,545,180,230,372,180
89,850,545,189,230,372,180
90,850,545,198,230,372,180
91,850,545,252,230,372,180
