1,690,100,90,688.27,109.3,93.25,690.98,118.86,92.2,686.81,126.36,97.33,682.84,133.71,91.83,684.4,140.66,98.84,676.74,146.65,101.17,672.18,154.12,106.01,665.1,159.48,110.61,669.6,167.89,113.6,672.21,176.9,117.06,666.79,185.3,116.88,672.28,192.85,120.48,677.52,201.28,119.33,672.81,210.06,120.25,667.06,215.26,126.57,674.26,221.0,130.48,678.84,229.76,132.0,671.41,236.27,133.59,665.72,241.23,127.02,658.26,247.12,130.13,656.39,256.86,128.86,654.45,266.0,132.42,646.47,272.0,131.89,640.78,272.79,140.07,636.3,281.71,139.56,626.55,280.33,141.26,620.51,284.31,148.17,611.1,282.77,145.16,602.66,287.57,142.76,594.29,293.02,143.27,591.24,301.02,148.42,584.14,308.05,148.02,574.97,310.73,145.04,565.65,309.46,141.65,230,372,180
2,690,100,99,699.53,98.96,96.15,703.08,108.3,96.06,703.63,117.39,100.19,696.08,123.25,103.14,687.88,128.8,104.51,678.98,133.24,105.6,671.78,140.15,106.27,672.8,149.56,109.48,673.03,158.53,113.9,664.42,163.24,111.95,659.79,172.1,111.63,662.44,181.38,109.01,664.0,188.62,115.73,666.88,198.13,114.64,673.94,201.04,121.09,680.01,207.75,116.83,687.75,212.28,112.4,689.03,221.79,115.2,691.85,230.36,119.52,692.26,240.35,119.35,687.53,249.03,120.83,681.91,256.28,124.8,674.94,259.99,130.94,666.35,262.83,135.21,658.38,268.81,135.99,649.98,273.67,138.42,649.96,283.22,135.45,640.5,286.13,136.91,634.25,293.91,137.39,628.93,301.93,140.13,620.26,306.63,138.54,612.38,312.68,139.72,603.83,317.75,138.58,594.69,318.27,134.56,589.32,320.48,142.71,230,372,180
3,690,100,108,696.9,106.99,109.9,706.42,108.07,112.77,711.51,108.54,121.36,719.17,111.8,126.89,720.0,121.73,127.73,729.14,120.78,131.65,733.34,129.74,130.24,733.13,138.55,134.96,731.75,147.26,139.69,738.32,154.78,140.21,741.31,163.96,142.81,743.98,172.62,147.04,749.4,178.91,152.61,751.81,188.26,155.2,750.48,197.56,158.63,749.82,207.03,155.47,743.91,213.07,160.82,742.48,222.56,158.01,735.99,229.84,160.22,733.58,238.71,156.29,733.02,248.62,155.07,724.36,253.05,157.41,715.8,258.21,157.19,709.91,264.54,152.16,703.56,271.66,155.15,707.77,280.35,157.76,707.79,280.34,167.76,699.06,283.56,171.42,689.85,284.59,175.18,230,372,180
4,690,100,117,682.46,106.08,119.49,677.58,114.8,119.1,678.1,123.83,123.36,680.84,133.3,121.67,671.46,136.47,123.09,666.96,144.92,125.98,670.45,154.29,126.04,676.62,161.66,123.28,672.05,169.72,119.52,673.27,179.37,121.84,675.81,183.96,130.35,677.85,193.16,133.69,685.77,198.05,137.34,692.93,204.46,134.56,700.6,205.55,140.88,705.64,214.16,141.56,710.16,222.83,139.44,714.6,231.22,142.59,719.8,239.6,144.24,724.6,247.94,141.52,728.06,257.19,143.06,733.69,263.9,138.22,742.9,263.79,142.11,748.2,271.52,145.59,754.62,278.52,142.46,759.47,285.13,136.73,755.77,294.4,136.18,749.81,302.42,135.74,754.76,311.11,135.52,759.63,319.49,137.98,753.74,327.21,140.37,746.9,333.18,144.57,745.31,343.05,144.18,741.43,351.63,147.53,742.33,353.11,157.37,735.39,359.85,159.91,726.43,364.05,158.46,726.82,374.01,159.32,717.81,378.28,160.03,709.19,379.59,164.92,699.73,381.24,167.71,694.06,384.97,160.37,685.39,389.9,159.68,676.85,395.08,160.16,667.46,398.43,159.35,659.54,398.78,165.45,651.17,404.25,165.26,643.5,410.65,164.78,638.62,418.55,161.08,230,372,180
5,690,100,126,691.17,109.86,127.2,698.25,115.36,131.62,694.84,123.97,135.4,686.23,127.01,139.48,679.56,134.41,140.32,676.15,143.77,141.21,670.24,151.24,144.27,671.74,161.02,142.82,676.09,169.73,140.53,680.08,178.45,137.69,684.17,187.45,136.16,685.85,196.07,140.93,681.83,205.09,142.5,685.88,213.96,140.3,682.83,222.46,144.59,685.18,231.6,147.9,679.68,238.53,152.56,681.82,245.58,159.32,673.48,251.1,159.58,678.58,258.76,163.49,684.49,265.62,159.25,682.23,274.69,162.79,687.46,280.78,156.83,692.49,289.27,155.19,690.1,298.97,155.49,687.01,305.63,162.28,693.76,311.03,167.32,688.38,319.46,167.4,690.52,329.17,168.41,683.75,331.37,175.44,676.01,335.0,170.26,666.79,338.8,171.01,230,372,180
6,690,100,135,682.37,106.46,135.29,676.53,114.54,136.1,673.58,123.48,139.48,664.5,127.45,138.18,664.98,137.19,140.41,667.75,146.73,139.36,669.75,155.81,143.05,663.27,163.27,141.51,664.37,172.92,139.14,669.73,181.26,140.52,666.3,188.01,147.05,671.85,195.24,142.92,670.9,204.53,139.36,673.8,212.86,144.07,667.14,215.63,151.0,668.83,224.1,156.04,660.06,227.94,153.19,659.18,237.58,155.71,662.97,245.61,160.3,668.12,253.85,157.96,660.53,259.99,155.79,652.05,265.29,156.11,643.76,269.58,152.53,648.18,278.26,150.3,654.82,284.64,146.4,659.04,293.71,146.67,662.89,302.93,146.68,655.58,308.42,150.73,647.51,310.56,156.25,230,372,180
7,690,100,144,697.48,105.85,147.15,697.05,115.76,145.93,701.35,124.69,144.55,698.74,134.34,144.71,703.48,142.49,148.04,697.95,150.26,151.07,693.6,158.64,154.36,685.59,164.55,155.3,684.45,174.09,152.52,678.72,181.81,149.78,678.56,181.36,139.79,668.66,182.69,139.25,663.46,190.28,143.16,661.65,198.18,149.02,658.17,205.43,154.97,655.3,214.19,158.84,659.61,221.34,153.33,666.79,228.08,155.08,665.25,237.58,157.8,658.36,244.65,156.25,654.9,253.18,160.16,659.22,258.09,167.73,654.99,266.37,171.4,647.67,273.19,171.53,640.7,279.84,174.19,633.27,286.53,173.85,629.28,294.42,178.52,620.44,299.08,178.84,612.47,305.08,179.53,230,372,180
8,690,100,153,684.81,108.46,154.21,688.87,117.07,157.28,695.83,123.87,154.97,691.11,132.59,153.66,697.76,137.31,159.44,700.73,142.57,167.4,705.75,149.43,172.68,704.26,159.26,173.78,710.0,166.76,177.08,704.74,174.84,174.41,697.47,181.34,176.63,700.0,188.7,170.35,693.79,196.47,169.39,689.24,205.05,166.97,683.27,213.05,166.45,682.43,222.62,163.67,675.56,229.71,162.13,675.03,234.58,170.85,674.72,244.54,171.63,666.66,249.88,174.18,671.86,258.28,172.66,664.48,265.0,173.3,656.24,270.61,174.03,647.42,275.14,172.72,640.68,281.33,168.68,631.85,285.87,169.86,623.82,291.23,172.46,614.62,288.29,169.85,230,372,180
9,690,100,162,689.21,109.56,159.18,680.93,115.06,160.27,672.65,120.44,161.85,671.32,130.31,160.96,667.42,139.19,163.43,669.87,148.39,166.49,677.47,153.72,162.78,679.46,163.51,163.24,682.47,172.45,159.93,687.23,179.36,154.48,681.45,186.9,151.35,680.58,196.7,149.56,687.06,204.22,150.74,690.76,213.08,153.53,683.56,219.86,154.97,677.41,226.8,158.72,669.39,230.87,154.34,660.33,234.29,151.86,662.59,243.91,150.36,654.77,249.39,147.4,658.58,257.85,143.67,666.65,263.59,142.27,662.9,271.04,136.74,665.23,278.27,130.24,670.64,285.2,135.01,678.69,291.13,135.33,678.49,300.64,138.42,683.18,306.2,145.28,674.93,311.56,147.08,666.37,315.21,150.75,230,372,180
10,690,100,171,697.44,105.14,166.73,699.33,114.77,164.82,701.51,124.51,165.46,699.8,134.24,167.04,708.41,138.97,168.91,715.2,146.3,168.46,721.47,152.29,173.45,727.77,158.29,168.52,733.83,165.8,165.9,738.37,174.46,163.81,739.93,183.41,159.63,740.11,192.25,164.3,735.36,201.05,164.52,739.78,210.02,164.43,734.75,218.5,162.75,732.39,227.73,165.79,734.7,237.44,166.36,725.79,241.84,167.46,719.22,249.04,169.7,710.01,252.95,169.71,703.67,260.26,172.24,695.37,265.24,174.75,687.16,270.7,173.08,677.38,272.56,172.12,673.07,281.49,170.8,663.45,282.7,173.24,657.11,289.33,177.22,647.23,290.88,177.59,638.77,295.66,175.25,636.37,305.28,173.92,626.84,307.81,172.25,617.15,307.31,169.84,612.64,314.45,164.48,604.65,320.46,164.2,594.93,319.57,166.36,591.01,326.6,172.29,230,372,180
11,690,100,180,684.59,108.4,179.54,681.19,115.68,185.49,679.37,122.3,178.21,670.66,127.2,177.71,662.48,132.94,177.82,660.54,142.75,177.64,659.68,152.36,174.99,652.01,158.3,177.4,653.76,168.05,178.78,656.73,173.94,171.27,661.94,182.09,168.72,667.27,189.26,173.23,662.11,197.22,176.38,668.92,200.17,183.08,670.17,208.87,187.85,674.92,217.31,185.36,675.84,227.22,184.35,676.13,236.75,187.36,673.96,246.02,184.32,677.6,255.26,185.55,673.84,264.48,184.69,665.34,269.64,183.6,664.83,278.81,187.54,665.4,288.59,189.55,657.92,294.48,186.52,649.6,298.91,183.17,230,372,180
12,690,100,189,681.06,104.19,190.59,679.48,114.07,190.71,669.98,116.23,188.46,661.38,120.66,191.0,656.08,129.06,189.83,651.68,138.01,190.54,652.46,147.74,192.71,650.42,157.53,192.96,657.7,163.54,189.66,653.45,171.21,184.86,656.96,180.32,187.07,664.39,186.96,186.28,667.66,196.39,185.67,663.82,205.41,183.69,660.36,213.95,179.79,658.92,223.84,179.52,664.53,228.71,186.21,671.51,235.08,189.46,676.46,243.75,188.85,678.06,253.59,188.14,675.9,262.34,192.47,678.91,270.34,187.27,671.69,277.15,188.52,664.02,282.5,192.07,658.96,290.25,195.84,649.87,293.86,193.74,640.96,298.33,193.01,634.65,305.63,190.39,627.44,311.85,187.32,626.12,321.36,184.52,623.14,330.61,186.85,615.19,335.9,189.84,608.28,341.31,194.63,230,372,180
13,690,100,198,682.27,106.34,197.91,680.8,116.23,198.33,682.95,125.75,196.17,676.11,132.96,195.07,673.83,142.7,195.17,664.16,142.3,192.68,655.13,146.59,192.56,653.52,156.44,191.91,655.4,165.78,194.95,654.47,174.82,190.77,658.14,183.86,192.97,650.57,190.29,191.89,644.23,194.7,185.53,644.52,204.6,184.16,648.77,213.53,185.65,650.05,222.05,190.74,655.8,229.26,194.59,656.45,238.92,197.08,659.81,247.79,193.9,650.85,252.04,195.16,644.67,259.91,195.05,643.25,267.34,188.51,646.95,276.62,188.01,653.32,283.6,184.73,656.57,292.62,181.9,649.46,298.48,185.79,230,372,180
14,690,100,207,696.62,106.86,210.0,696.21,116.27,206.65,688.18,121.19,203.3,680.32,127.13,201.56,680.99,136.53,204.9,683.67,146.13,205.77,675.6,151.84,207.24,669.01,158.81,210.07,674.93,166.5,212.48,677.69,174.19,206.71,685.45,180.39,205.6,681.26,188.33,209.99,673.54,194.57,211.21,667.38,202.25,209.43,670.05,211.42,206.47,667.64,221.13,206.57,659.06,226.2,207.35,656.96,235.05,203.19,647.24,236.57,201.36,640.03,243.39,202.55,640.77,253.3,203.69,647.4,260.53,201.78,651.9,268.92,204.84,643.81,274.71,203.79,642.12,284.48,205.04,634.69,290.92,203.21,626.07,294.74,199.89,616.09,295.1,200.48,614.55,299.93,191.86,230,372,180
15,690,100,216,693.71,109.06,213.98,703.15,112.37,214.29,705.17,116.98,205.65,711.44,124.16,202.62,713.29,130.94,195.51,717.14,140.15,195.92,721.79,149.0,196.22,723.58,158.75,197.55,729.29,166.89,196.48,734.73,168.87,204.64,733.72,178.33,207.72,737.77,187.48,207.79,741.73,196.65,208.25,742.02,206.63,208.71,741.7,216.07,205.4,739.32,225.53,203.23,740.68,235.18,205.47,735.78,243.52,208.01,735.87,253.52,207.64,729.93,259.86,202.7,735.14,268.09,200.4,739.66,276.29,203.9,735.05,285.15,203.59,727.17,290.6,200.7,724.31,298.33,195.05,717.74,305.06,191.64,713.2,313.58,194.24,715.89,322.44,198.02,707.96,324.85,203.62,698.73,328.24,205.44,689.32,331.42,206.57,679.84,333.4,204.07,230,372,180
16,690,100,225,693.99,108.84,222.58,688.2,116.24,219.14,689.17,126.12,220.31,692.7,135.03,223.18,697.74,140.97,216.92,696.14,150.03,220.84,688.64,156.64,220.87,689.17,165.25,215.81,691.42,170.97,223.7,700.16,174.9,220.83,704.85,182.37,225.54,710.69,189.92,222.54,715.78,198.37,220.88,713.95,208.07,219.3,718.89,216.02,222.81,722.93,223.82,218.03,728.09,231.89,220.88,728.87,241.8,219.82,727.67,251.73,219.97,723.74,260.32,216.68,729.91,267.89,214.5,733.06,276.24,210.0,739.88,283.35,208.29,745.26,291.43,210.69,740.81,300.06,208.28,738.52,305.51,200.21,736.32,314.75,203.34,728.95,318.46,208.99,721.35,322.11,214.37,714.21,326.54,208.96,707.26,333.72,208.48,701.9,341.22,204.59,697.99,350.28,202.98,688.34,351.27,205.39,679.21,355.36,205.51,230,372,180
17,690,100,234,680.59,103.36,234.4,682.87,111.92,229.76,683.42,121.85,230.85,676.08,127.37,226.91,679.6,135.62,222.49,676.65,145.05,220.94,672.65,153.3,216.95,670.93,162.58,213.64,665.27,168.55,207.96,661.4,177.7,209.12,661.53,187.35,211.74,664.48,196.72,213.63,664.11,206.7,213.26,666.55,216.17,215.36,670.4,223.72,210.05,676.76,227.36,203.24,680.38,234.29,197.01,687.98,240.7,198.06,686.83,250.54,196.75,692.1,258.69,194.32,687.63,265.22,188.21,695.87,270.5,186.14,701.88,277.16,181.73,700.92,287.01,180.29,696.63,296.0,179.4,695.13,304.49,184.47,688.85,312.03,186.39,695.94,319.09,186.15,690.31,326.38,190.03,684.7,330.88,196.98,677.38,337.39,194.97,668.67,342.0,193.27,664.82,351.22,193.77,654.89,352.39,193.55,646.28,356.8,191.03,636.54,358.0,192.93,626.8,359.88,191.66,618.59,365.46,192.85,609.97,370.54,192.7,230,372,180
18,690,100,243,699.6,102.79,242.98,705.38,110.7,240.98,711.1,118.81,242.18,713.62,128.32,240.38,717.58,135.35,234.47,718.38,144.6,238.18,728.32,144.86,239.24,732.72,153.8,238.42,739.55,157.12,231.9,744.45,165.81,231.19,742.99,175.24,228.18,745.87,184.65,226.4,742.69,193.29,222.49,735.74,200.45,221.84,733.54,209.82,219.14,726.46,216.77,217.87,720.38,223.84,214.26,712.13,229.48,214.63,711.57,239.44,213.9,702.66,241.94,210.11,701.05,251.75,211.27,704.38,257.28,203.64,708.99,265.64,200.64,700.95,271.49,199.66,691.09,273.11,199.34,681.18,274.46,198.97,671.34,273.99,197.25,661.35,274.06,197.71,652.0,276.93,199.78,643.4,282.01,200.27,633.95,282.0,203.54,624.4,281.76,200.59,618.76,289.28,203.98,612.62,297.16,204.56,612.65,305.74,199.43,230,372,180
19,690,100,252,683.59,106.53,247.96,679.02,114.92,250.92,682.6,124.24,250.39,680.05,132.8,245.88,676.57,141.67,242.84,685.92,144.24,240.4,694.45,149.43,239.88,703.09,154.45,239.39,707.11,162.82,235.68,711.04,171.96,236.69,714.35,180.63,232.98,715.19,190.41,231.02,714.91,200.28,232.55,711.28,209.19,229.82,706.12,216.94,226.18,711.35,222.97,232.21,716.28,231.29,229.68,711.32,238.58,224.95,707.65,244.31,217.62,714.57,249.44,212.55,720.47,253.41,205.51,718.36,263.16,204.85,713.43,271.61,206.93,705.68,276.8,210.53,698.76,281.38,216.12,695.32,290.75,216.71,697.87,299.87,213.51,690.01,305.99,214.4,230,372,180
20,820,100,90,813.37,107.31,91.62,810.13,116.7,90.44,805.27,124.82,93.66,795.57,124.34,96.03,787.76,119.01,92.78,779.6,124.79,92.58,775.57,133.87,93.74,770.89,142.46,91.69,761.03,143.22,93.19,759.75,153.12,92.51,753.42,160.14,95.77,756.09,169.61,97.53,749.48,176.94,95.91,743.87,183.17,101.36,734.53,184.16,104.81,726.99,190.54,106.34,720.11,197.65,104.83,711.75,202.91,106.37,706.12,209.17,111.78,698.24,215.32,111.77,689.13,218.79,114.0,681.56,223.46,118.57,674.71,230.72,118.07,677.97,239.95,116.03,669.57,245.14,114.48,659.65,244.91,113.22,650.54,242.53,116.59,644.38,249.87,119.45,645.68,258.1,124.97,649.14,267.44,125.88,651.41,274.7,132.38,657.62,282.39,133.88,653.99,291.67,133.03,230,372,180
21,820,100,99,821.39,109.74,100.8,812.38,114.02,101.47,803.85,119.2,102.13,805.52,128.72,104.7,800.68,135.21,110.57,793.72,137.34,117.43,787.36,143.97,121.36,779.75,150.37,122.44,782.6,159.69,124.68,787.66,168.24,123.51,783.68,177.31,124.87,789.11,185.7,125.21,789.96,193.35,118.83,782.41,199.88,118.13,774.7,206.16,119.13,766.02,211.09,119.79,766.78,220.96,121.25,759.87,228.17,120.66,753.21,233.69,125.67,744.7,238.85,126.66,736.41,243.31,130.02,727.62,239.81,133.27,719.72,245.42,135.72,715.23,254.21,137.34,718.19,263.09,140.86,718.71,272.81,138.59,714.85,282.04,138.48,720.5,290.03,136.41,723.13,298.64,140.76,724.81,307.6,144.85,722.63,316.8,148.11,722.68,323.46,155.57,723.32,332.11,150.58,728.1,340.73,152.22,730.2,348.94,157.54,725.09,357.06,160.37,718.58,363.86,157.0,715.03,372.71,153.99,709.45,380.98,154.75,711.16,389.01,149.04,703.43,394.92,146.74,694.35,398.98,147.72,685.21,402.77,149.19,680.93,410.7,153.52,671.2,412.85,154.33,671.07,422.8,153.36,673.66,430.16,147.11,669.4,438.8,144.44,669.94,446.2,151.15,662.57,451.62,155.19,652.96,453.9,156.72,643.14,455.73,156.3,634.97,460.74,153.44,230,372,180
22,820,100,108,823.37,109.02,105.28,819.82,116.8,110.47,810.19,118.73,108.64,804.86,127.04,107.08,796.69,132.81,107.27,788.04,137.0,110.05,789.57,146.86,109.4,784.3,155.03,111.77,775.11,158.69,110.31,766.1,163.02,110.27,756.98,166.12,112.93,751.28,171.39,119.24,741.48,170.48,117.48,739.35,172.6,107.94,730.24,176.58,108.93,727.54,185.85,111.56,718.27,189.02,113.59,715.09,197.15,118.45,705.76,195.76,121.79,706.24,202.15,129.47,697.97,207.77,129.72,702.33,216.75,130.21,694.84,220.82,135.45,700.96,227.91,138.95,697.91,236.36,143.35,694.77,245.02,147.24,685.42,248.37,146.08,677.51,254.27,147.68,669.1,258.31,151.29,666.53,267.38,147.96,656.82,266.16,145.89,647.62,269.48,147.98,644.58,277.84,152.55,640.24,286.24,155.79,641.98,294.86,160.56,633.59,300.23,161.4,626.45,301.24,168.33,230,372,180
23,820,100,117,811.72,101.06,122.51,801.88,100.44,120.87,795.58,108.04,122.51,788.2,114.18,125.3,781.36,121.39,124.2,776.05,129.65,126.08,766.56,132.66,126.97,757.27,136.19,128.13,747.72,136.58,131.06,745.38,145.74,134.31,738.47,152.85,133.01,729.29,156.28,135.03,726.01,165.61,136.54,716.37,167.19,138.67,714.74,173.98,131.51,713.98,182.48,136.71,706.99,188.77,140.12,697.27,190.26,138.3,689.24,195.94,136.5,680.3,199.05,139.72,673.44,205.66,142.74,667.85,212.76,147.04,661.33,220.25,145.91,661.6,229.5,149.7,660.47,239.09,152.31,661.75,248.26,148.53,666.48,257.03,147.7,667.53,265.78,142.98,660.29,272.48,144.65,651.03,274.97,147.5,648.62,284.12,144.28,230,372,180
24,820,100,126,814.16,105.86,131.61,805.1,109.73,129.87,797.76,116.5,130.39,788.86,120.89,129.13,791.68,130.44,128.18,782.1,133.31,128.05,774.44,139.74,127.84,767.13,146.05,130.44,759.93,152.96,131.02,752.85,159.97,130.16,743.4,161.74,132.92,737.23,169.36,130.95,739.84,177.87,135.5,732.26,182.5,140.09,728.46,191.42,142.56,718.49,190.7,142.17,710.52,196.64,143.21,701.89,200.87,145.98,693.98,206.74,144.24,689.78,215.56,146.36,692.58,225.06,147.74,696.05,233.98,144.83,694.67,243.7,146.72,693.82,253.31,144.1,701.89,258.97,145.8,697.4,267.84,146.92,698.38,276.96,150.9,694.23,284.35,145.58,686.12,289.28,148.73,678.98,295.31,152.28,669.86,298.72,149.98,672.35,308.36,149.03,663.01,311.57,150.6,655.29,317.09,147.45,646.81,322.33,148.21,637.58,320.25,151.45,627.86,318.17,152.54,619.12,322.23,149.86,610.6,326.57,152.78,603.64,332.28,157.14,230,372,180
25,820,100,135,811.9,105.56,133.15,812.55,114.04,138.4,804.04,119.16,137.26,801.19,128.49,139.46,792.37,132.66,141.63,784.19,138.27,140.36,775.41,142.88,139.04,765.73,144.63,140.85,756.02,145.23,143.13,746.81,146.33,146.87,741.83,154.79,144.95,734.89,160.51,149.31,725.26,159.67,146.72,717.58,165.76,144.77,708.38,165.2,148.64,702.76,173.46,148.19,692.85,174.74,148.57,686.31,182.31,148.6,687.31,191.82,145.67,678.35,195.82,147.59,671.17,202.28,145.0,674.46,209.64,139.09,674.58,219.43,141.12,678.58,228.4,143.02,674.57,237.1,145.86,666.1,240.47,141.75,659.77,247.81,139.28,653.39,255.49,138.72,658.69,263.45,141.64,654.99,272.52,143.64,656.18,281.69,147.44,652.85,290.95,149.25,645.94,294.34,155.62,641.04,303.04,154.99,631.84,302.05,158.78,230,372,180
26,820,100,144,810.24,101.73,142.65,807.92,111.32,141.04,807.89,120.72,144.46,800.88,127.59,142.55,791.13,128.83,144.38,781.18,128.63,143.39,771.48,131.0,143.93,766.53,139.45,141.93,757.1,138.04,138.9,747.29,139.88,138.28,739.11,145.04,140.83,732.82,151.5,145.15,723.67,154.98,147.2,719.28,163.96,147.51,718.34,173.91,147.11,708.77,173.3,149.93,699.16,174.63,147.5,693.93,182.86,149.71,689.64,191.43,152.57,679.98,193.73,151.39,670.89,197.85,150.88,662.85,203.78,150.28,666.0,212.67,153.58,669.69,220.88,157.95,661.61,226.77,157.73,654.88,234.01,159.2,659.16,242.7,156.71,657.54,251.7,160.74,654.93,260.44,164.84,655.71,270.35,165.9,647.5,274.05,170.24,230,372,180
27,820,100,153,819.86,105.62,144.73,821.24,115.03,141.62,811.34,116.39,141.49,801.41,117.04,142.49,794.75,124.49,142.28,786.77,130.21,140.37,780.27,137.43,142.73,772.38,143.59,142.69,768.43,152.09,146.16,760.47,157.76,148.28,755.34,165.54,144.64,748.21,172.06,147.19,738.5,172.44,149.57,729.81,172.45,154.51,723.93,180.54,154.33,716.37,186.52,156.99,709.34,192.94,160.03,699.78,194.77,162.34,691.4,200.22,162.54,683.33,206.04,161.48,679.85,215.41,161.5,676.3,223.39,156.64,669.04,229.76,159.25,671.27,239.01,162.31,673.38,248.04,158.56,675.23,256.96,162.7,677.59,263.26,170.1,677.13,272.88,172.76,681.91,281.03,176.05,680.91,290.68,178.48,677.08,298.64,183.16,673.11,307.08,186.76,672.49,316.86,184.76,678.54,324.78,183.98,680.11,328.33,174.76,674.28,336.29,176.38,681.02,343.61,175.39,676.52,351.68,171.56,678.36,360.89,174.98,669.21,364.93,175.01,660.34,369.24,176.66,653.48,371.51,169.74,645.71,376.71,166.2,636.42,378.88,169.18,626.65,378.53,167.08,617.03,379.34,164.46,608.01,376.95,168.05,599.05,381.4,168.24,230,372,180
28,820,100,162,810.38,102.65,162.68,802.78,109.12,163.33,800.99,118.76,161.38,803.35,128.35,159.78,794.86,133.59,160.36,788.98,141.64,159.57,779.59,142.37,162.91,779.3,151.42,167.17,769.71,154.12,166.26,771.19,163.84,164.4,775.3,171.16,158.98,780.32,179.53,161.18,788.9,184.19,159.02,787.28,193.5,155.74,786.24,203.43,156.21,793.15,210.13,158.94,799.31,217.23,155.54,805.44,222.7,149.84,806.2,232.47,151.84,809.55,241.85,150.9,811.37,251.55,149.32,815.26,260.7,150.4,819.35,269.35,147.49,824.56,276.55,142.89,819.4,284.97,141.34,823.76,293.85,142.82,824.68,303.73,141.62,828.44,311.65,146.44,828.16,320.4,151.26,832.98,327.39,156.54,829.25,336.63,157.38,830.49,346.51,156.49,833.27,355.43,152.92,832.29,363.74,158.39,824.8,369.8,155.72,828.28,377.08,161.63,824.67,380.51,170.3,822.01,382.84,179.65,825.22,391.91,182.38,819.35,398.77,186.68,811.59,404.48,189.38,809.64,413.75,192.58,801.74,415.33,186.66,796.47,421.93,192.01,792.99,430.23,196.37,783.85,433.26,199.07,775.98,437.66,194.76,776.37,447.5,193.03,773.56,456.54,189.82,765.17,460.01,185.61,761.5,467.44,180.02,754.79,473.77,176.16,758.78,481.74,171.64,751.61,487.4,167.57,744.06,487.47,161.01,734.54,490.34,159.98,730.59,491.94,150.93,727.24,488.71,142.08,717.88,490.31,138.96,708.18,492.09,137.29,705.41,500.27,132.25,696.38,499.92,136.53,687.76,504.82,135.26,678.3,507.74,136.66,668.79,510.01,138.78,660.45,508.6,144.11,653.23,503.74,149.04,650.75,507.44,157.99,641.16,507.77,160.83,631.2,506.97,160.64,230,372,180
29,820,100,171,811.95,104.89,167.64,802.4,106.85,169.86,792.66,109.08,169.9,783.68,113.11,168.09,773.79,112.58,169.46,765.08,117.27,168.01,755.69,119.74,170.4,748.73,126.79,169.04,738.87,126.01,167.59,737.26,135.31,170.89,729.49,141.56,170.11,720.31,144.68,172.55,717.85,154.3,171.4,707.88,154.72,172.09,706.35,164.55,173.1,711.0,172.14,177.66,714.37,180.96,180.95,712.06,190.23,183.92,703.1,193.99,181.57,693.14,193.23,181.85,690.18,202.68,183.25,682.35,208.25,186.04,674.3,214.18,185.83,678.39,222.46,189.67,681.05,232.05,190.61,678.8,241.8,190.67,683.06,250.56,188.41,682.22,259.35,193.11,683.43,263.27,202.23,687.94,271.39,205.95,682.9,279.69,208.32,688.89,285.86,203.21,697.1,288.19,208.43,696.39,298.01,206.67,695.57,307.97,207.0,686.83,312.83,206.89,687.32,322.25,203.58,687.73,330.91,198.59,679.23,336.16,198.11,671.79,341.9,194.71,675.85,350.94,196.05,672.05,358.04,190.11,663.36,362.64,191.92,654.42,365.03,188.12,650.51,370.11,180.45,640.65,370.49,182.07,630.99,372.32,180.28,622.84,377.67,182.51,612.94,378.91,183.24,608.56,386.46,188.12,230,372,180
30,820,100,180,812.91,107.05,179.94,803.73,110.8,181.25,798.33,118.8,183.86,792.02,126.2,181.54,783.16,130.69,182.68,780.09,139.83,180.04,773.24,146.54,177.21,763.56,147.63,174.95,756.76,154.93,175.64,747.19,156.77,177.88,740.54,164.1,179.36,731.49,168.0,181.07,734.75,177.22,183.16,733.32,186.94,185.04,735.8,196.52,183.6,742.91,203.54,183.11,741.95,213.43,184.19,749.65,219.82,184.03,744.45,228.28,185.18,743.42,237.76,188.19,742.15,247.12,191.48,741.89,256.48,187.98,733.43,261.06,185.25,728.19,269.57,185.53,718.97,272.91,183.57,709.81,276.11,181.14,700.29,276.01,184.19,691.92,281.48,184.0,685.9,288.11,179.55,677.34,293.25,180.14,672.56,301.81,182.13,662.85,299.95,180.58,654.51,304.5,183.68,647.67,311.68,182.35,638.11,308.74,182.34,630.42,314.68,179.99,230,372,180
31,820,100,189,817.01,109.33,191.0,820.94,118.34,192.84,824.4,127.66,193.88,821.16,136.97,192.21,812.96,142.63,193.02,815.18,152.34,194.0,817.76,161.96,194.83,812.93,170.69,195.55,815.92,180.09,197.16,813.26,189.61,195.65,804.62,194.63,196.16,800.5,203.65,197.42,792.1,208.95,196.26,785.41,216.39,196.28,775.53,216.37,194.73,766.13,219.75,194.33,756.66,222.89,194.95,746.91,222.42,197.12,744.19,231.46,200.42,735.49,236.38,200.68,727.58,239.68,205.83,721.99,247.94,206.56,712.48,249.68,204.0,708.52,258.85,204.32,703.51,267.21,206.56,693.9,269.91,206.05,683.94,269.1,206.57,675.66,274.58,205.4,665.68,274.31,204.82,657.47,279.39,202.19,648.16,280.8,198.85,647.47,289.83,203.1,638.72,293.23,199.65,632.67,301.08,200.98,230,372,180
32,820,100,198,816.3,109.28,198.4,808.3,115.01,196.62,798.39,116.03,195.79,788.51,115.69,194.27,783.2,124.06,192.98,778.89,133.06,192.24,771.34,139.31,190.28,761.83,142.41,190.35,754.31,148.96,191.03,749.56,157.73,191.8,739.97,158.73,189.14,730.07,157.6,188.32,720.49,160.47,188.03,711.31,164.32,188.99,703.42,169.84,186.31,695.33,175.64,185.36,688.7,183.06,186.36,680.48,188.44,188.23,670.58,188.63,189.61,661.75,193.32,189.61,655.67,199.18,194.97,650.18,206.01,190.16,649.07,215.7,187.94,647.78,225.58,187.08,643.32,234.07,189.92,645.67,239.63,181.95,640.89,248.41,182.26,646.07,255.78,177.93,644.05,265.57,177.66,641.86,272.53,170.83,635.37,280.15,170.83,627.04,285.61,171.73,628.51,294.96,174.95,621.39,301.98,174.94,613.77,307.91,177.52,605.85,305.88,171.76,230,372,180
33,820,100,207,811.17,104.68,206.78,813.09,109.91,198.47,807.57,116.28,193.09,810.14,125.71,195.23,800.66,128.78,196.14,796.1,135.73,201.69,786.43,137.66,200.01,777.83,142.27,202.21,768.54,145.47,200.35,760.32,150.56,197.79,758.03,160.29,197.63,748.77,161.58,201.17,745.16,170.7,199.23,738.59,178.16,200.3,729.68,181.81,197.59,723.39,189.23,199.91,720.78,197.82,204.32,711.41,201.25,204.8,712.27,210.8,201.95,710.38,220.47,203.65,702.24,226.14,202.4,705.33,235.51,204.0,706.83,245.38,204.7,708.05,253.74,199.36,710.38,263.37,200.74,712.42,273.1,199.64,721.26,276.54,202.82,723.88,284.87,207.69,728.04,292.9,211.96,730.45,301.82,208.15,733.31,311.1,210.56,737.5,319.74,213.33,741.34,328.58,216.0,746.04,336.49,212.07,752.64,344.0,211.9,747.94,351.92,215.81,742.59,356.94,222.6,734.81,363.22,222.99,736.5,373.01,224.1,727.95,378.16,223.55,725.76,386.27,218.14,719.77,394.28,218.01,711.63,400.08,217.86,703.86,405.62,220.85,700.09,410.51,212.97,703.93,419.68,214.03,695.04,424.16,215.0,685.13,424.9,213.89,675.6,425.01,216.94,666.05,427.48,215.31,661.05,435.16,219.29,651.81,438.43,221.28,230,372,180
34,820,100,216,812.48,106.55,216.69,802.97,109.26,215.19,796.2,116.17,212.64,796.49,126.1,213.82,791.06,134.39,212.52,781.65,137.55,211.29,772.11,136.37,208.52,763.65,141.59,207.47,754.28,142.13,204.01,749.27,149.98,200.36,743.02,157.56,198.51,739.85,163.19,190.88,731.23,168.12,192.05,723.32,174.19,192.84,718.21,182.51,190.67,720.99,192.1,191.18,712.42,196.86,193.15,704.16,202.5,193.1,694.79,205.56,194.81,686.77,211.42,195.93,682.74,220.16,198.64,684.95,229.6,201.1,690.21,238.05,200.1,682.07,243.81,199.31,676.91,251.31,195.18,674.75,260.91,193.41,666.25,265.63,191.08,657.43,262.67,194.76,651.92,270.94,193.67,643.44,276.23,193.26,645.71,285.68,195.59,645.71,295.58,196.99,230,372,180
35,820,100,225,813.08,106.98,226.83,803.28,107.83,224.99,797.57,114.43,220.12,788.76,119.14,220.61,781.49,125.39,217.75,772.33,128.6,215.36,762.75,130.87,213.64,755.11,137.32,213.71,747.19,143.15,215.53,744.19,152.43,213.33,743.02,162.36,213.53,748.1,170.11,209.78,751.83,178.87,212.85,751.82,184.81,204.81,755.79,193.5,207.78,755.26,203.15,210.33,755.66,213.05,208.95,760.05,221.85,210.71,760.04,229.96,204.86,760.67,229.26,194.91,756.05,235.56,188.66,755.1,245.51,189.0,752.94,254.74,185.82,757.72,263.41,184.44,752.27,271.74,185.43,745.64,278.55,182.33,743.89,283.81,190.66,737.18,291.16,191.6,733.25,300.33,192.3,725.92,307.12,191.86,719.75,314.46,189.01,710.81,318.92,189.49,713.51,327.81,185.8,704.28,331.61,185.35,695.75,329.89,180.42,687.57,335.22,178.26,682.07,340.41,184.81,673.73,345.69,183.18,664.43,348.39,180.7,658.26,355.75,183.51,650.26,361.5,185.18,640.67,364.26,184.49,631.21,361.31,183.14,621.72,358.22,183.72,612.69,362.48,183.1,608.2,370.1,178.42,602.63,378.39,178.78,602.14,387.99,181.57,592.48,390.52,181.03,583.09,387.14,180.54,578.53,389.59,171.98,230,372,180
36,820,100,234,820.08,108.84,229.33,816.52,117.67,226.27,806.77,118.66,224.28,799.53,124.35,220.37,797.58,133.86,217.95,799.11,142.59,213.32,797.74,143.59,203.47,789.85,149.63,204.57,779.92,148.46,204.72,770.87,152.68,205.37,766.11,160.9,202.24,764.39,170.46,199.84,766.87,179.18,204.05,772.4,186.18,208.56,778.93,193.39,210.89,781.69,202.16,206.95,784.1,211.86,207.23,778.66,219.8,204.51,774.8,228.68,206.98,766.81,234.34,209.02,759.23,240.48,211.25,754.74,249.36,210.25,760.92,256.54,213.44,764.67,265.47,210.92,760.64,274.34,213.15,752.91,280.66,213.77,757.17,289.36,211.27,759.62,298.49,208.02,763.64,306.7,212.07,760.08,316.04,212.47,754.17,323.32,215.94,756.92,332.39,219.11,759.81,341.92,218.17,752.89,349.09,219.03,748.54,357.95,217.39,750.23,367.46,214.83,753.82,375.28,209.74,748.33,382.49,205.52,741.6,389.89,205.25,746.56,397.97,202.08,741.71,406.35,204.55,732.12,408.76,206.07,722.51,411.54,205.99,714.31,416.71,203.55,704.88,418.46,200.73,695.21,420.81,199.73,685.99,424.33,201.38,678.17,429.93,198.64,668.52,431.9,196.88,658.65,433.02,197.96,230,372,180
37,820,100,243,820.55,109.97,243.47,812.35,115.26,241.27,804.68,121.57,240.13,797.94,128.84,241.43,802.78,136.38,236.98,804.04,146.22,238.25,798.82,153.8,234.36,790.95,159.82,235.7,790.89,169.82,236.01,782.78,175.16,238.4,774.51,180.15,235.8,765.81,184.97,236.79,762.7,194.45,237.5,753.07,192.26,235.92,744.58,197.06,233.71,739.31,205.42,235.17,729.52,203.37,235.49,719.53,203.07,235.63,710.82,207.71,237.23,702.24,210.97,233.26,695.17,217.55,230.67,685.38,219.29,229.65,676.66,224.16,230.03,666.76,225.52,229.64,663.1,233.36,234.65,658.58,241.43,230.84,655.67,250.21,227.04,653.44,259.74,224.99,645.53,263.99,220.6,641.36,272.18,216.65,638.95,281.54,214.09,631.21,286.52,210.18,621.26,286.33,211.1,614.26,292.89,208.25,613.98,302.37,205.08,612.75,311.68,208.51,606.78,316.34,215.03,596.82,315.99,215.94,587.12,318.29,216.66,577.7,321.65,216.67,230,372,180
38,820,100,252,810.36,102.64,252.23,805.93,111.43,250.42,806.57,112.25,240.47,807.16,120.79,235.31,797.77,123.13,232.79,799.15,133.03,232.6,803.33,141.19,228.6,807.73,150.14,229.22,803.09,158.4,226.02,801.63,168.15,227.7,801.58,178.15,227.89,806.74,186.71,227.48,808.21,196.32,225.14,811.69,203.7,219.37,816.48,211.91,222.48,813.36,221.15,220.29,820.11,227.41,216.38,823.68,236.75,216.18,832.37,236.86,221.14,831.49,246.69,222.77,826.81,255.05,225.63,829.64,263.7,221.49,826.16,272.08,217.3,829.27,281.06,220.42,829.99,290.74,218.0,826.0,299.54,220.57,821.74,306.25,214.5,814.85,310.54,208.66,816.47,320.24,206.84,811.22,327.66,202.67,806.16,335.37,198.8,801.48,343.28,194.87,808.7,347.92,189.74,810.76,357.54,191.54,805.68,366.15,191.46,798.52,372.4,194.57,792.06,378.68,190.23,783.05,380.75,186.4,775.94,383.28,192.96,767.97,389.31,193.13,759.99,392.64,188.11,750.75,395.53,190.62,743.34,401.08,194.4,737.58,407.37,189.17,729.53,412.68,186.54,721.49,418.01,183.89,714.93,424.53,180.08,705.74,427.82,177.9,696.64,431.49,179.83,688.43,429.24,185.07,678.43,429.48,185.21,668.5,429.86,186.31,230,372,180
39,950,100,90,940.03,100.53,90.51,932.26,106.68,91.89,922.35,107.9,92.37,914.35,113.41,94.76,905.25,117.55,94.41,895.45,116.58,96.11,887.94,123.12,95.17,878.59,123.43,98.7,868.73,122.01,99.6,863.32,130.01,102.18,861.99,139.92,102.31,853.13,144.38,101.04,849.01,153.49,101.44,851.61,162.49,104.92,849.14,169.48,111.64,845.74,178.67,113.63,842.24,184.94,120.59,833.15,189.08,120.35,831.96,198.92,121.65,832.93,205.24,129.33,828.79,214.03,131.72,833.99,222.01,134.76,833.53,230.48,140.05,826.47,235.97,135.58,817.78,240.47,133.53,808.89,244.96,134.49,799.76,248.42,132.37,798.45,257.97,135.07,795.12,267.34,136.09,797.9,276.59,138.7,805.49,282.86,136.92,805.04,289.85,144.05,803.42,299.16,147.31,799.01,308.07,148.43,793.77,315.09,153.24,791.21,323.93,149.33,788.47,332.21,144.42,787.91,342.14,143.43,785.7,351.76,141.83,779.53,357.92,146.74,773.21,363.04,152.55,769.14,372.14,151.68,767.6,381.48,148.47,762.81,383.47,157.02,757.61,378.75,164.13,758.24,386.67,170.2,750.22,392.27,172.29,751.26,401.94,174.61,755.74,410.6,176.83,747.09,415.47,178.09,743.84,423.09,183.68,738.73,430.76,179.78,743.81,438.38,183.79,736.81,445.03,181.2,736.19,454.72,183.59,732.57,463.65,186.26,724.53,464.32,180.35,725.47,469.44,171.81,723.75,479.19,170.42,719.11,486.74,175.05,710.1,491.02,175.79,700.17,491.9,175.06,691.06,495.2,172.6,683.78,499.84,167.54,674.66,500.42,171.58,665.02,501.77,169.29,655.09,501.58,170.48,645.48,502.16,167.78,637.35,507.99,167.94,627.58,507.09,166.02,230,372,180
40,950,100,99,940.02,99.78,98.48,930.78,102.78,100.85,920.78,102.88,101.17,913.16,109.27,100.1,906.77,116.76,101.83,896.87,116.7,103.26,890.57,121.89,97.47,882.14,127.11,98.78,872.8,130.65,98.41,869.52,139.22,102.39,865.98,148.41,104.14,867.88,158.03,106.09,859.25,163.04,105.64,858.16,172.19,109.55,857.87,182.04,107.87,851.99,189.26,111.53,842.56,190.23,114.7,835.74,195.9,119.31,829.16,203.29,117.83,819.26,204.69,117.73,811.71,208.07,123.35,802.16,207.0,126.11,792.22,207.93,125.53,782.58,205.59,124.3,773.34,209.41,124.52,763.62,207.44,125.78,753.81,206.56,127.55,744.73,205.69,131.63,734.85,204.28,132.29,730.18,212.96,130.6,721.68,218.18,131.23,717.83,226.23,135.75,707.91,227.48,135.38,706.86,233.34,143.41,698.61,238.64,141.47,689.29,241.48,143.72,684.23,246.72,150.57,676.11,251.73,153.59,666.24,253.28,153.08,659.29,260.04,150.62,661.14,268.1,145.01,662.32,276.65,139.96,665.25,285.5,143.58,664.8,293.19,149.97,663.17,302.79,147.69,656.76,310.29,149.31,648.57,315.86,147.96,641.05,322.38,146.94,632.38,327.34,147.29,622.9,330.47,146.67,615.58,337.18,145.53,618.82,346.39,143.37,610.25,348.11,138.51,603.75,353.86,143.47,230,372,180
41,950,100,108,948.0,109.7,106.6,940.01,114.72,109.89,936.41,118.71,118.33,929.86,126.18,119.41,919.86,125.98,119.12,918.79,132.47,126.65,912.81,139.89,129.68,906.12,146.75,132.55,896.28,148.56,132.6,889.1,155.48,133.3,879.4,157.38,134.84,874.34,165.98,135.54,865.73,170.48,133.19,857.19,174.79,136.12,847.68,174.52,139.18,837.8,176.02,139.57,828.7,174.68,143.5,818.79,175.8,142.7,812.83,182.49,147.13,804.63,187.94,145.36,796.48,193.74,145.13,786.6,193.19,146.54,778.67,199.16,145.31,768.69,199.47,145.85,760.22,204.65,147.03,750.45,204.7,144.92,751.38,214.29,142.25,746.89,220.93,136.27,743.48,230.14,134.38,734.76,234.92,135.34,736.79,244.69,134.59,740.25,253.06,138.83,744.94,259.35,145.02,750.56,262.44,137.34,757.27,269.67,135.68,759.1,278.82,139.28,764.31,287.33,138.58,765.02,296.11,143.32,770.29,304.47,144.84,769.65,308.33,154.04,776.84,315.04,152.24,783.27,322.54,150.67,785.76,332.03,152.61,792.04,337.3,146.88,796.75,346.07,147.84,802.13,348.17,156.0,808.41,355.51,158.58,804.45,364.68,158.22,803.24,373.31,163.12,806.44,379.36,170.42,800.5,387.39,170.81,804.72,395.5,166.74,801.1,404.14,170.23,797.98,412.36,175.0,800.94,420.15,180.52,794.06,426.11,176.37,784.46,426.93,173.69,775.96,432.17,173.28,772.13,440.58,177.11,764.29,446.3,179.54,755.15,449.82,177.55,755.34,459.81,177.4,745.99,462.96,175.77,737.22,467.57,174.38,731.57,475.48,176.71,722.43,479.31,178.04,713.71,482.76,174.56,705.16,484.9,179.3,695.47,487.18,180.19,686.01,490.32,179.32,678.94,486.21,185.07,669.3,488.8,184.5,659.72,490.78,186.57,654.51,488.79,178.26,645.66,492.71,175.73,635.99,491.41,173.57,626.68,495.06,173.93,617.25,498.35,174.31,230,372,180
42,950,100,117,943.79,107.72,115.69,942.05,117.43,114.01,939.28,127.04,114.04,931.83,131.08,119.34,922.89,135.46,118.38,918.67,142.84,123.64,918.56,152.06,127.52,908.75,153.75,126.54,898.97,152.64,124.8,889.41,154.88,122.92,882.13,161.29,125.35,873.16,165.71,125.53,868.87,174.47,123.35,860.71,171.96,128.55,852.74,174.07,122.88,844.05,178.0,125.87,834.44,179.59,123.62,831.96,189.23,124.62,822.0,190.04,124.94,813.46,195.21,124.26,806.05,201.91,124.63,805.45,211.23,128.19,797.45,216.74,130.54,789.23,222.29,129.21,779.53,220.36,130.65,776.24,229.72,129.39,766.39,228.44,130.51,759.36,235.4,131.97,762.22,244.98,131.62,759.12,254.48,131.17,752.87,261.89,133.61,755.19,271.24,130.92,750.81,280.2,130.19,741.39,283.41,129.2,732.15,286.6,131.29,725.79,293.1,135.45,717.51,297.68,138.7,708.42,301.73,139.64,700.14,305.41,143.88,695.11,313.81,141.84,685.33,311.93,142.67,676.39,311.73,147.15,667.66,308.23,150.55,658.43,304.81,152.3,650.5,300.07,148.45,640.65,298.61,149.37,631.43,299.35,145.56,622.68,304.19,145.53,616.24,311.7,146.97,613.14,316.48,155.19,607.07,309.76,159.41,597.9,312.89,156.92,594.89,322.06,154.31,585.08,323.82,155.17,575.56,321.02,153.9,566.05,321.51,156.95,558.25,315.76,159.42,230,372,180
43,950,100,126,942.58,106.48,127.71,935.84,113.08,131.03,938.83,122.59,131.86,929.43,125.72,133.23,919.52,126.13,134.5,909.74,128.05,135.29,899.8,128.95,134.73,891.29,134.17,134.17,881.37,135.3,133.5,876.21,143.86,133.74,866.26,142.87,133.91,863.35,136.05,127.2,853.48,135.09,125.94,844.22,138.4,127.77,836.23,144.41,127.87,826.85,147.07,130.08,822.26,155.17,133.73,813.77,159.57,136.65,804.08,162.01,136.23,797.55,169.58,136.49,792.31,177.48,133.3,783.62,182.16,131.72,775.39,187.84,131.46,766.03,190.87,133.25,765.81,200.7,135.11,755.95,202.2,135.75,753.56,211.32,132.42,743.69,209.69,132.57,733.76,208.88,131.74,730.3,217.48,135.5,733.17,225.82,140.22,724.25,229.34,143.06,716.19,234.35,139.92,707.72,239.6,139.0,707.35,249.54,137.95,697.69,251.93,137.01,689.79,257.34,139.91,679.93,258.99,140.22,677.39,261.0,149.68,669.29,266.85,150.11,661.6,272.47,153.15,657.95,279.57,159.17,230,372,180
44,950,100,135,948.12,108.65,139.66,941.6,115.73,142.38,936.28,123.58,145.54,931.27,123.78,154.19,921.4,125.38,153.91,911.84,127.64,155.81,903.52,124.07,151.57,894.28,127.89,151.85,886.26,133.75,153.03,876.81,136.84,154.14,867.7,140.02,156.75,865.97,148.79,161.23,856.19,150.73,162.04,847.56,155.77,162.39,837.6,156.64,162.15,830.82,163.95,162.97,820.86,163.67,163.72,811.98,167.9,165.55,802.14,169.7,165.59,797.42,178.49,164.97,787.57,177.19,166.12,779.28,182.78,165.93,770.49,187.55,165.99,761.01,190.48,167.22,752.19,194.95,165.69,748.42,203.76,162.85,738.47,203.35,163.79,730.88,209.15,160.84,725.22,216.69,157.52,715.67,216.06,154.64,706.33,213.53,157.19,697.78,218.58,158.37,692.11,226.62,160.15,683.19,231.04,159.16,674.51,234.95,162.21,665.78,239.82,162.49,659.05,247.15,161.54,655.18,255.95,158.78,653.38,264.72,163.25,649.71,273.81,165.21,641.12,278.33,167.64,634.47,285.71,166.53,626.47,291.25,168.83,617.23,292.57,165.25,607.75,293.32,162.14,599.69,298.83,159.99,230,372,180
45,950,100,144,940.17,100.81,145.67,936.14,109.96,145.94,928.49,116.02,148.14,918.61,117.12,147.07,911.71,123.99,149.32,906.22,132.1,151.36,897.21,136.37,150.72,890.77,143.97,151.65,881.11,146.33,150.55,872.05,150.08,152.48,873.23,158.9,147.91,866.57,166.13,146.09,856.89,164.24,144.43,853.7,172.78,148.54,846.57,179.75,149.35,840.02,187.27,148.69,837.3,196.38,151.78,827.84,199.38,150.55,828.02,208.88,147.44,820.62,215.51,146.26,810.95,215.55,143.73,803.78,216.36,150.66,793.8,216.25,150.06,783.94,217.87,149.77,776.05,223.65,151.87,767.29,227.8,154.32,759.16,233.12,156.68,758.47,240.78,150.29,749.76,245.68,150.36,742.13,251.76,152.55,732.6,249.29,150.81,723.6,245.72,153.31,714.59,241.49,154.3,704.82,240.57,156.19,695.35,243.45,157.64,687.04,248.2,154.74,677.76,251.77,153.67,670.62,258.62,155.1,660.65,258.47,154.37,653.28,265.1,153.09,646.24,271.81,150.74,642.18,280.7,148.6,634.18,286.38,146.7,624.49,283.93,146.77,621.53,292.19,141.99,611.64,293.38,142.82,230,372,180
46,950,100,153,941.46,105.03,154.33,932.55,109.35,155.75,933.64,119.29,155.9,924.74,123.81,155.44,922.37,133.14,152.7,923.19,142.59,155.85,915.24,146.3,151.06,910.68,155.18,150.45,909.99,165.13,151.13,904.04,173.15,151.8,894.2,171.4,151.65,885.76,173.96,146.93,875.79,174.79,147.0,868.02,180.24,143.85,867.85,190.23,143.38,863.76,198.89,140.51,863.49,207.3,145.92,856.1,214.02,146.34,854.32,223.71,144.63,859.08,232.46,143.75,851.8,237.58,148.31,844.54,244.09,150.52,836.07,248.29,153.78,230,372,180
47,950,100,162,945.51,108.84,163.31,939.7,116.88,162.06,932.6,123.09,165.38,923.72,127.46,166.77,922.13,137.34,166.74,916.63,145.29,164.19,906.73,144.41,163.11,906.03,154.35,162.35,898.77,160.56,165.3,889.63,164.53,164.37,880.3,167.74,165.95,878.44,177.43,167.57,868.56,178.95,167.69,859.02,181.56,169.18,849.53,183.25,171.83,840.44,187.14,173.39,831.97,192.39,174.16,823.92,198.04,172.36,813.93,197.61,172.28,804.05,196.88,173.59,795.25,200.29,170.26,785.95,203.96,170.59,777.15,208.52,169.32,776.4,217.73,165.48,767.04,221.14,164.55,769.35,230.78,163.22,762.24,237.4,160.85,754.11,241.93,157.21,750.56,249.78,152.13,751.87,259.0,148.5,746.48,267.42,148.2,749.13,276.67,150.93,751.64,281.08,159.55,743.75,287.01,161.14,735.89,293.12,162.09,726.48,296.3,163.27,722.36,304.53,159.36,714.24,310.08,161.14,704.4,311.47,162.27,695.3,314.53,165.09,686.85,318.3,161.32,230,372,180
48,950,100,171,942.38,106.42,171.84,933.39,110.38,173.71,928.88,119.15,175.37,930.02,128.83,173.13,922.35,135.24,172.97,921.43,144.09,177.53,921.07,153.74,174.93,914.58,161.33,174.45,912.79,171.09,173.18,904.44,176.23,175.16,896.83,182.54,173.65,888.19,187.34,172.12,879.65,191.98,174.46,873.54,199.16,171.13,866.53,202.84,165.02,862.7,212.06,164.55,853.55,216.1,164.34,844.37,220.06,164.26,834.63,220.04,166.53,824.87,218.01,165.76,815.39,220.74,164.11,807.84,226.8,166.63,806.98,235.6,161.97,799.07,241.53,163.5,230,372,180
49,950,100,180,941.18,104.35,181.83,933.55,110.74,182.78,924.85,115.61,182.03,915.0,114.68,183.51,905.14,114.8,185.17,895.22,115.55,186.16,887.05,121.31,186.24,884.05,130.06,182.42,875.02,134.35,182.59,866.19,138.7,184.38,857.13,142.43,186.37,850.41,149.64,184.7,851.14,159.43,182.8,841.51,159.85,180.15,831.8,160.68,177.93,822.16,161.69,175.45,814.37,167.11,178.6,804.49,166.97,180.1,802.49,174.97,174.44,793.08,178.34,174.44,783.34,180.55,175.01,773.67,178.78,173.18,773.85,178.65,163.18,765.36,183.9,162.47,755.46,184.52,161.27,749.5,192.43,159.88,739.92,194.83,161.49,742.21,204.54,162.18,744.09,213.19,166.82,747.41,220.97,172.16,752.03,229.63,170.26,750.61,239.25,172.62,748.32,242.71,163.52,751.32,251.77,160.5,747.19,260.23,157.12,745.92,269.77,159.83,743.07,278.13,164.51,746.75,286.64,160.77,742.56,295.52,162.66,742.25,305.22,165.06,746.97,312.12,170.55,750.17,317.94,163.07,743.09,324.06,159.55,745.67,330.89,152.71,739.12,338.29,151.22,731.6,344.56,153.29,723.01,349.38,151.62,715.33,355.18,154.37,707.72,361.39,156.24,699.65,366.47,159.25,690.08,368.99,160.68,691.19,378.76,158.87,684.24,384.01,163.8,683.72,393.27,160.06,674.57,397.12,158.82,665.4,399.05,162.3,656.87,399.52,167.5,650.28,405.58,171.96,645.44,401.61,179.75,641.36,410.4,182.22,632.49,409.12,177.78,625.02,414.67,181.44,230,372,180
50,950,100,189,940.49,102.15,186.76,933.71,109.15,188.98,924.3,112.41,188.06,921.98,121.67,191.04,912.96,125.72,192.51,903.64,129.22,193.5,900.98,138.7,195.26,892.97,142.83,190.93,883.35,145.24,189.65,877.2,152.78,191.99,872.26,161.4,190.88,865.39,168.4,188.95,857.07,173.13,186.05,847.26,172.83,187.97,837.53,171.51,186.08,828.48,175.67,186.98,820.4,181.55,187.27,810.51,180.39,188.19,805.33,188.75,190.01,795.56,187.64,191.86,785.93,189.16,189.62,776.66,187.79,186.14,769.31,194.5,187.12,760.19,198.54,187.83,750.76,195.35,188.78,747.61,204.71,187.18,743.74,212.99,191.23,737.1,218.28,185.94,727.61,221.34,185.24,719.49,227.16,185.75,712.74,234.23,187.87,703.23,237.24,187.16,696.54,244.41,189.11,687.64,240.74,191.81,678.06,238.86,189.65,668.62,242.14,189.2,666.92,250.6,184.14,658.34,255.44,185.86,661.0,263.26,180.23,659.72,272.61,176.91,658.22,281.73,180.73,648.88,284.48,183.01,230,372,180
51,950,100,198,941.28,104.89,197.87,942.08,111.11,205.67,933.12,115.47,206.41,924.2,119.97,205.97,922.58,129.82,206.52,913.28,132.92,204.53,904.81,136.0,200.19,895.61,139.75,199.04,887.34,145.33,199.68,890.74,154.27,202.62,889.18,163.75,205.37,887.34,173.18,202.59,881.15,179.06,197.38,872.85,184.61,197.96,866.29,192.0,199.47,862.07,200.76,201.82,859.67,210.42,202.81,854.09,214.3,195.48,844.56,217.01,196.86,840.67,224.95,192.2,838.68,232.5,185.94,838.32,241.47,190.33,230,372,180
52,950,100,207,942.43,106.51,206.36,932.85,108.79,208.06,931.87,116.14,201.35,922.55,119.07,199.25,917.0,127.38,198.79,907.86,131.4,198.17,900.27,137.84,199.11,892.13,143.35,200.94,893.25,152.5,204.81,891.58,159.52,211.73,883.65,165.37,210.03,873.77,165.13,208.53,865.13,168.83,205.12,857.45,175.08,203.72,852.53,183.53,205.83,847.8,191.73,202.61,839.42,196.84,204.5,830.82,199.65,200.23,821.17,201.62,201.91,813.15,207.59,202.38,803.31,209.27,202.83,803.86,218.96,205.27,801.06,228.55,205.65,796.3,236.65,202.23,790.58,244.8,203.16,795.22,253.0,199.8,790.98,262.06,199.85,788.39,270.52,195.18,779.14,269.46,191.54,769.64,270.03,188.46,230,372,180
53,950,100,216,950.1,110.0,216.15,945.38,117.61,220.6,942.54,126.21,216.35,934.2,131.71,216.69,928.52,139.91,217.48,927.49,149.83,216.72,918.85,154.76,217.74,918.93,163.96,213.84,909.63,167.55,213.03,900.7,171.66,214.84,892.12,174.6,210.63,888.1,183.25,207.62,884.32,192.51,207.58,874.48,191.23,206.3,865.04,188.81,208.53,855.44,189.24,211.3,848.3,195.98,213.2,843.36,204.61,214.24,846.26,213.75,217.11,839.69,218.89,211.58,836.44,228.14,209.62,828.4,234.05,209.0,825.88,238.32,200.31,816.53,240.54,197.56,806.69,239.32,198.86,797.73,236.32,202.13,789.29,241.67,201.61,784.08,249.58,198.43,775.93,255.21,197.03,771.05,258.02,205.29,770.98,268.02,205.3,769.02,276.43,200.25,771.74,286.04,200.83,768.82,294.01,206.11,764.59,302.8,203.86,756.25,307.72,201.39,748.91,314.15,203.6,740.54,317.49,199.27,738.42,326.49,195.47,733.81,335.06,193.18,736.1,343.99,197.06,735.68,353.44,200.29,727.03,358.36,199.39,719.5,364.38,202.04,712.63,371.27,199.72,705.4,378.17,199.29,710.32,386.77,197.87,702.32,392.71,198.68,692.47,393.88,199.98,693.51,402.41,205.1,684.18,405.88,206.0,674.75,405.87,209.34,230,372,180
54,950,100,225,942.96,106.59,227.65,935.42,113.05,226.46,932.93,122.52,224.44,923.96,126.95,224.58,915.92,132.69,226.09,906.06,133.35,227.67,896.52,136.05,226.41,889.38,143.05,226.11,879.57,144.88,225.45,870.59,142.84,229.37,860.71,143.83,230.51,853.77,150.93,229.29,847.33,158.55,228.57,840.18,164.91,225.68,840.36,174.85,224.56,832.07,180.11,222.67,823.82,185.7,221.91,814.14,185.11,219.44,806.38,191.3,220.65,797.51,194.78,217.61,799.71,203.84,221.24,795.9,213.08,221.51,787.15,217.14,218.85,788.73,226.66,221.46,779.65,230.84,221.54,770.32,234.31,222.44,764.38,242.35,222.06,755.19,238.93,220.11,746.05,235.88,217.42,736.44,238.6,216.92,727.65,243.25,215.88,723.27,251.92,218.23,720.66,261.58,218.36,711.24,260.08,215.34,706.84,269.06,215.14,702.38,277.32,211.69,693.39,280.54,214.65,683.72,282.37,212.9,230,372,180
55,950,100,234,946.39,109.31,234.55,937.34,113.54,234.9,927.69,114.07,232.33,920.78,121.19,231.09,914.43,128.55,228.73,906.17,134.17,229.09,897.68,138.35,225.86,899.74,141.31,216.53,899.46,151.28,215.81,894.48,159.73,213.86,886.45,165.55,212.59,881.85,174.41,213.13,883.36,183.87,210.26,880.37,192.73,206.7,872.54,198.8,205.36,862.75,200.8,205.08,852.86,201.4,203.73,845.1,206.82,200.49,835.32,208.03,198.8,825.76,210.73,199.91,815.91,212.41,200.3,810.82,221.01,200.67,801.22,223.56,201.84,791.91,227.19,202.03,782.65,230.8,200.93,772.92,228.89,199.63,770.62,238.53,201.01,766.28,247.53,200.75,757.39,251.91,202.11,747.88,248.83,202.16,739.95,254.31,204.81,730.05,255.48,203.91,721.69,260.91,204.59,714.19,267.5,204.05,705.19,271.37,206.1,702.53,279.6,211.12,693.35,282.94,213.26,684.92,287.39,210.25,677.47,292.59,214.42,670.39,299.59,213.44,664.17,307.25,211.81,230,372,180
56,950,100,243,942.86,107.0,242.74,934.34,110.44,238.79,934.47,120.41,238.07,927.23,127.3,238.5,918.1,131.38,238.64,915.43,141.02,238.64,905.52,141.05,239.97,897.15,146.36,238.69,895.36,155.46,234.93,897.64,165.11,233.66,888.49,169.12,233.98,879.1,172.55,234.12,869.16,172.27,233.06,859.41,174.42,233.71,850.18,178.06,232.45,840.83,180.77,230.18,830.93,180.11,231.46,824.48,187.45,229.35,814.68,185.83,230.49,808.69,193.74,231.78,800.01,198.57,232.9,803.5,207.85,234.21,798.12,215.68,231.07,801.84,224.77,229.16,793.16,228.61,226.0,783.51,226.48,227.51,778.15,234.79,228.97,768.54,237.12,230.45,761.78,243.63,227.01,754.78,248.92,222.22,752.68,257.76,218.04,744.15,262.96,217.65,734.68,262.83,220.88,731.22,265.02,211.76,721.82,263.76,208.56,715.24,269.89,204.19,708.43,275.11,199.05,702.97,280.71,192.81,701.7,290.47,194.55,691.73,289.85,195.01,684.39,294.52,190.09,676.78,300.95,189.18,670.11,308.12,191.22,662.26,313.84,188.85,653.66,315.06,193.8,656.2,323.86,197.8,650.93,331.37,193.82,645.84,338.77,189.42,230,372,180
57,950,100,252,943.13,107.07,250.32,934.28,111.39,252.03,924.31,111.59,251.2,915.75,116.49,252.82,907.15,121.54,253.52,898.74,126.69,251.81,889.77,131.08,252.12,888.43,140.42,248.8,879.35,144.55,249.47,870.11,148.22,250.53,862.21,145.02,255.76,853.51,149.91,256.41,843.64,149.82,254.78,841.58,159.57,253.94,836.15,167.46,251.07,826.28,168.69,252.12,817.43,171.32,248.27,808.51,175.41,246.37,798.77,173.71,247.82,790.26,178.63,245.95,780.46,176.9,245.01,770.51,176.46,244.14,765.31,184.39,240.97,759.65,191.93,237.63,750.26,193.81,234.73,740.3,193.94,235.52,738.68,202.98,231.57,734.6,211.37,227.97,725.1,214.35,228.86,721.9,214.06,219.39,711.97,213.1,218.73,703.81,218.69,220.22,697.17,223.85,214.81,687.76,223.24,211.5,679.68,229.13,211.6,669.83,228.07,212.95,659.88,227.1,213.16,657.58,235.71,208.61,648.5,239.31,206.49,646.66,248.41,202.78,648.72,254.88,195.44,641.9,262.18,194.99,645.88,271.34,195.45,640.52,279.69,196.67,633.6,286.81,197.87,627.34,291.78,191.85,617.68,291.17,194.34,609.52,296.18,191.45,601.06,291.48,188.92,230,372,180
58,690,372,90,230,372,180
59,690,372,99,230,372,180
60,690,372,108,230,372,180
61,690,372,117,230,372,180
62,690,372,126,230,372,180
63,690,372,135,230,372,180
64,690,372,144,230,372,180
65,690,372,153,230,372,180
66,690,372,162,230,372,180
67,690,372,171,230,372,180
68,690,372,180,230,372,180
69,690,372,189,230,372,180
70,690,372,198,230,372,180
71,690,372,207,230,372,180
72,690,372,216,230,372,180
73,690,372,225,230,372,180
74,690,372,234,230,372,180
75,690,372,243,230,372,180
76,690,372,252,230,372,180
77,820,372,90,230,372,180
78,820,372,99,230,372,180
79,820,372,108,230,372,180
80,820,372,117,230,372,180
81,820,372,126,230,372,180
82,820,372,135,230,372,180
83,820,372,144,230,372,180
84,820,372,153,230,372,180
85,820,372,162,230,372,180
86,820,372,171,230,372,180
87,820,372,180,230,372,180
88,820,372,189,230,372,180
89,820,372,198,230,372,180
90,820,372,207,230,372,180
91,820,372,216,230,372,180
92,820,372,225,230,372,180
93,820,372,234,230,372,180
94,820,372,243,230,372,180
95,820,372,252,230,372,180
96,950,372,90,230,372,180
97,950,372,99,230,372,180
98,950,372,108,230,372,180
99,950,372,117,230,372,180
100,950,372,126,230,372,180
101,950,372,135,230,372,180
102,950,372,144,230,372,180
103,950,372,153,230,372,180
104,950,372,162,230,372,180
105,950,372,171,230,372,180
106,950,372,180,230,372,180
107,950,372,189,230,372,180
108,950,372,198,230,372,180
109,950,372,207,230,372,180
110,950,372,216,230,372,180
111,950,372,225,230,372,180
112,950,372,234,230,372,180
113,950,372,243,230,372,180
114,950,372,252,230,372,180
115,690,645,90,230,372,180
116,690,645,99,230,372,180
117,690,645,108,230,372,180
118,690,645,117,230,372,180
119,690,645,126,230,372,180
120,690,645,135,230,372,180
121,690,645,144,230,372,180
122,690,645,153,230,372,180
123,690,645,162,230,372,180
124,690,645,171,230,372,180
125,690,645,180,230,372,180
126,690,645,189,230,372,180
127,690,645,198,230,372,180
128,690,645,207,230,372,180
129,690,645,216,230,372,180
130,690,645,225,230,372,180
131,690,645,234,230,372,180
132,690,645,243,230,372,180
133,690,645,252,230,372,180
134,820,645,90,230,372,180
135,820,645,99,230,372,180
136,820,645,108,230,372,180
137,820,645,117,230,372,180
138,820,645,126,230,372,180
139,820,645,135,230,372,180
140,820,645,144,230,372,180
141,820,645,153,230,372,180
142,820,645,162,230,372,180
143,820,645,171,230,372,180
144,820,645,180,230,372,180
145,820,645,189,230,372,180
146,820,645,198,230,372,180
147,820,645,207,230,372,180
148,820,645,216,230,372,180
149,820,645,225,230,372,180
150,820,645,234,230,372,180
151,820,645,243,230,372,180
152,820,645,252,230,372,180
153,950,645,90,230,372,180
154,950,645,99,230,372,180
155,950,645,108,230,372,180
156,950,645,117,230,372,180
157,950,645,126,230,372,180
158,950,645,135,230,372,180
159,950,645,144,230,372,180
160,950,645,153,230,372,180
161,950,645,162,230,372,180
162,950,645,171,230,372,180
163,950,645,180,230,372,180
164,950,645,189,230,372,180
165,950,645,198,230,372,180
166,950,645,207,230,372,180
167,950,645,216,230,372,180
168,950,645,225,230,372,180
169,950,645,234,230,372,180
170,950,645,243,230,372,180
171,950,645,252,230,372,180
